-- phpMyAdmin SQL Dump
-- version 5.2.1
-- https://www.phpmyadmin.net/
--
-- 主機： 127.0.0.1
-- 產生時間： 2025-06-16 04:08:34
-- 伺服器版本： 10.4.32-MariaDB
-- PHP 版本： 8.2.12

SET SQL_MODE = "NO_AUTO_VALUE_ON_ZERO";
START TRANSACTION;
SET time_zone = "+00:00";


/*!40101 SET @OLD_CHARACTER_SET_CLIENT=@@CHARACTER_SET_CLIENT */;
/*!40101 SET @OLD_CHARACTER_SET_RESULTS=@@CHARACTER_SET_RESULTS */;
/*!40101 SET @OLD_COLLATION_CONNECTION=@@COLLATION_CONNECTION */;
/*!40101 SET NAMES utf8mb4 */;

--
-- 資料庫： `my_test_db`
--

-- --------------------------------------------------------

--
-- 資料表結構 `cities`
--

CREATE TABLE `cities` (
  `id` int(11) NOT NULL,
  `region_id` int(11) NOT NULL,
  `name` varchar(20) NOT NULL
) ENGINE=InnoDB DEFAULT CHARSET=utf8mb4 COLLATE=utf8mb4_general_ci;

--
-- 傾印資料表的資料 `cities`
--

INSERT INTO `cities` (`id`, `region_id`, `name`) VALUES
(1, 1, '河內'),
(2, 1, '下龍灣'),
(3, 1, '沙壩'),
(4, 1, '寧平'),
(5, 1, '還劍郡'),
(6, 2, '峴港'),
(7, 2, '會安'),
(8, 2, '芽莊'),
(9, 2, '順化'),
(10, 3, '胡志明市'),
(11, 3, '大叻'),
(12, 3, '芹苴'),
(13, 3, '湄公河三角洲'),
(14, 4, '富國島');

-- --------------------------------------------------------

--
-- 資料表結構 `main_cate`
--

CREATE TABLE `main_cate` (
  `id` int(11) NOT NULL,
  `name` varchar(20) NOT NULL
) ENGINE=InnoDB DEFAULT CHARSET=utf8mb4 COLLATE=utf8mb4_general_ci;

--
-- 傾印資料表的資料 `main_cate`
--

INSERT INTO `main_cate` (`id`, `name`) VALUES
(1, '精選觀光玩法'),
(2, '療癒放鬆之旅'),
(3, '交通觀光假期'),
(4, '野趣冒險旅程'),
(5, '在地文化體驗');

-- --------------------------------------------------------

--
-- 資料表結構 `notices`
--

CREATE TABLE `notices` (
  `id` int(11) NOT NULL,
  `trip_id` int(11) NOT NULL,
  `text` text DEFAULT NULL,
  `sort_order` int(11) NOT NULL DEFAULT 0
) ENGINE=InnoDB DEFAULT CHARSET=utf8mb4 COLLATE=utf8mb4_general_ci;

--
-- 傾印資料表的資料 `notices`
--

INSERT INTO `notices` (`id`, `trip_id`, `text`, `sort_order`) VALUES
(1, 1, '請攜帶泳衣與潛水鏡。', 1),
(2, 1, '避免攜帶貴重物品上船。', 2),
(3, 1, '浮潛時請穿著救生衣。', 3),
(4, 2, '行程中需步行穿越地道。', 1),
(5, 2, '實彈體驗需聽從教官指示。', 2),
(6, 2, '不建議孕婦與兒童參加。', 3),
(7, 3, '建議攜帶防曬乳與遮陽帽。', 1),
(8, 3, '白宮拍照區需遵守規定。', 2),
(9, 4, '需爬階梯參觀皇城建築。', 1),
(10, 4, '請穿著包腳鞋以利行走。', 2),
(11, 5, '請攜帶防蚊液及雨具。', 1),
(12, 5, '搭乘小船時需穿著救生衣。', 2),
(13, 6, '請依導遊安排準時集合。', 1),
(14, 6, '船上拍照請注意個人安全。', 2),
(15, 7, '沙丘活動建議穿運動鞋。', 1),
(16, 7, '建議攜帶口罩避免沙塵。', 2),
(17, 8, '登山及乘船需穿防滑鞋。', 1),
(18, 8, '寺廟區請著端莊服裝。', 2),
(19, 9, '寺廟拍照請尊重當地信仰。', 1),
(20, 9, '行程多為步行，請備水與遮陽。', 2),
(21, 10, '浮潛活動需穿救生衣。', 1),
(22, 10, '請勿餵食海洋生物。', 2),
(23, 11, '進入博物館需安檢。', 1),
(24, 11, '建議攜帶筆記與導覽耳機。', 2),
(25, 12, '山路行走請注意階梯濕滑。', 1),
(26, 12, '可自備香品參拜（非強制）。', 2),
(27, 13, '吉普車行駛時請勿站立。', 1),
(28, 13, '鄉村路段塵土飛揚請備口罩。', 2),
(29, 14, '夜釣請穿深色衣物防蚊。', 1),
(30, 14, '活動期間請勿飲酒。', 2),
(31, 15, '纜車搭乘請妥善保管票卡。', 1),
(32, 15, '花園區域勿踩踏草坪。', 2),
(33, 16, '此行程較自由無導覽耳機。', 1),
(34, 16, '建議於指定地點集合返回。', 2),
(35, 17, '此行程包含兩段長程車程。', 1),
(36, 17, '敬請準時集合避免誤班。', 2),
(37, 18, '島上無超商請自備飲水。', 1),
(38, 18, '猴子出沒請勿餵食。', 2),
(39, 19, '水上巴士上下船請小心濕滑。', 1),
(40, 19, '請依照導覽員排隊登船。', 2),
(41, 20, '遊輪上請穿著正式便服。', 1),
(42, 20, '請攜帶泳裝與防曬用品。', 2),
(43, 21, '請穿著防滑登山鞋，方便徒步健行', 1),
(44, 21, '高原氣溫較低，建議攜帶保暖衣物', 2),
(45, 21, '村內禁止拍攝當地居民，請尊重文化習俗', 3),
(46, 21, '需步行長時間，請評估自身體能', 4),
(47, 22, '行程包含高級海鮮餐，請提前告知過敏食材', 1),
(48, 22, '登船時需出示護照，請提前準備', 2),
(49, 22, '夜間海上風較大，建議攜帶薄外套', 3),
(50, 22, '部分活動需額外報名，如夜釣魷魚', 4),
(51, 23, '行程較為豐富，請準備舒適步行鞋', 1),
(52, 23, '部分景點須遵守拍攝規範，如宗教場所', 2),
(53, 23, '旅途中可能有高海拔區域，注意身體適應', 3),
(54, 23, '團體用餐為固定菜單，如有特殊需求請提前告知', 4),
(55, 24, '夜臥火車提供簡單床鋪，建議攜帶眼罩與耳塞', 1),
(56, 24, '番西邦山區天候變化快，請攜帶雨具', 2),
(57, 24, '健行路段有陡坡，建議穿著防滑鞋', 3),
(58, 24, '村內可能無穩定網路，請提前下載必要資訊', 4),
(59, 25, '早班巴士需提早報到，請準時抵達集合地點', 1),
(60, 25, '景觀飯店無電梯，請留意行李重量', 2),
(61, 25, '高原空氣乾燥，請攜帶保濕用品', 3),
(62, 25, '可選擇自由活動，請評估體力安排行程', 4),
(63, 26, '徒步路線可能有泥濘地段，請穿防水鞋', 1),
(64, 26, '夜晚氣溫偏低，建議準備禦寒衣物', 2),
(65, 26, '部分村落不提供現金交易，請攜帶行動支付工具', 3),
(66, 26, '徒步時間較長，建議攜帶適量乾糧補充體力', 4),
(67, 27, '山區夜晚較冷，請準備保暖外套', 1),
(68, 27, '度假村有溫泉設施，建議攜帶泳裝', 2),
(69, 27, '道路蜿蜒，搭車途中可能會有暈車情況', 3),
(70, 27, '民宿提供當地特色餐點，如有飲食需求請提前告知', 4),
(71, 28, '夜臥火車空間有限，請攜帶輕便行李', 1),
(72, 28, '番西邦山登頂需額外購票，請提前確認', 2),
(73, 28, '健行部分路段需基本耐力，請評估體力', 3),
(74, 28, 'Cat Cat 村內禁止使用無人機拍攝', 4),
(75, 29, '市集內需注意財物安全，請妥善保管貴重物品', 1),
(76, 29, '可選擇購買手工藝品，部分需議價交易', 2),
(77, 29, '每週六限定行程，請提前規劃時間', 3),
(78, 29, '需搭乘巴士前往，請準時集合', 4),
(79, 30, '船上提供 Wi-Fi，網速可能受限', 1),
(80, 30, '行程包含浮潛，請準備適合游泳裝備', 2),
(81, 30, '晚宴有正式服裝要求，請攜帶合適服飾', 3),
(82, 30, '部分高端活動需提前預約，如 SPA 或品酒會', 4),
(83, 30, '不含個人消費', 5),
(84, 30, '請保持手機暢通', 6),
(85, 30, '請穿著輕便服裝', 7),
(86, 31, '避免攜帶貴重物品', 1),
(87, 31, '敬請遵守集合時間', 2),
(88, 31, '請勿餵食野生動物', 3),
(89, 31, '需自費部分餐食', 4),
(90, 31, '活動順序可能調整', 5),
(91, 32, '導遊全程陪同', 1),
(92, 32, '敬請遵守集合時間', 2),
(93, 32, '含基本保險', 3),
(94, 33, '導遊全程陪同', 1),
(95, 33, '活動順序可能調整', 2),
(96, 33, '避免攜帶貴重物品', 3),
(97, 34, '拍照請勿使用閃光燈', 1),
(98, 34, '請勿餵食野生動物', 2),
(99, 34, '不建議孕婦參加', 3),
(100, 34, '避免攜帶貴重物品', 4),
(101, 35, '請攜帶身分證明文件', 1),
(102, 35, '請保管好個人物品', 2),
(103, 35, '部分地點需步行', 3),
(104, 35, '拍照請勿使用閃光燈', 4),
(105, 36, '需自費部分餐食', 1),
(106, 36, '請保管好個人物品', 2),
(107, 36, '建議穿運動鞋', 3),
(108, 36, '導遊全程陪同', 4),
(109, 36, '請提前10分鐘集合', 5),
(110, 37, '需自費部分餐食', 1),
(111, 37, '不含個人消費', 2),
(112, 37, '請勿餵食野生動物', 3),
(113, 37, '可自備泳衣與毛巾', 4),
(114, 38, '請保管好個人物品', 1),
(115, 38, '敬請遵守集合時間', 2),
(116, 38, '部分地點需步行', 3),
(117, 38, '不含個人消費', 4),
(118, 38, '不建議孕婦參加', 5),
(119, 39, '需自備防曬用品', 1),
(120, 39, '請保持手機暢通', 2),
(121, 39, '活動順序可能調整', 3),
(122, 39, '建議穿運動鞋', 4),
(123, 40, '避免攜帶貴重物品', 1),
(124, 40, '請穿著輕便服裝', 2),
(125, 40, '請保管好個人物品', 3),
(126, 40, '含景點門票', 4),
(127, 40, '含基本保險', 5),
(128, 41, '含景點門票', 1),
(129, 41, '含基本保險', 2),
(130, 41, '請勿餵食野生動物', 3),
(131, 41, '可自備泳衣與毛巾', 4),
(132, 41, '活動順序可能調整', 5),
(133, 42, '請攜帶身分證明文件', 1),
(134, 42, '拍照請勿使用閃光燈', 2),
(135, 42, '請勿餵食野生動物', 3),
(136, 42, '敬請遵守集合時間', 4),
(137, 43, '建議穿運動鞋', 1),
(138, 43, '需自費部分餐食', 2),
(139, 43, '請保持手機暢通', 3),
(140, 44, '請勿餵食野生動物', 1),
(141, 44, '請穿著輕便服裝', 2),
(142, 44, '避免攜帶貴重物品', 3),
(143, 44, '可自備泳衣與毛巾', 4),
(144, 45, '請穿著輕便服裝', 1),
(145, 45, '拍照請勿使用閃光燈', 2),
(146, 45, '需自費部分餐食', 3),
(147, 46, '請保持手機暢通', 1),
(148, 46, '請攜帶身分證明文件', 2),
(149, 46, '含基本保險', 3),
(150, 46, '需自費部分餐食', 4),
(151, 46, '不含個人消費', 5),
(152, 47, '活動順序可能調整', 1),
(153, 47, '需自費部分餐食', 2),
(154, 47, '含景點門票', 3),
(155, 47, '不含個人消費', 4),
(156, 47, '請提前10分鐘集合', 5),
(157, 48, '需自費部分餐食', 1),
(158, 48, '可自備泳衣與毛巾', 2),
(159, 48, '導遊全程陪同', 3),
(160, 48, '敬請遵守集合時間', 4),
(161, 49, '請攜帶身分證明文件', 1),
(162, 49, '含景點門票', 2),
(163, 49, '需自備防曬用品', 3),
(164, 50, '含景點門票', 1),
(165, 50, '拍照請勿使用閃光燈', 2),
(166, 50, '部分地點需步行', 3),
(167, 50, '活動順序可能調整', 4),
(168, 51, '含基本保險', 1),
(169, 51, '敬請遵守集合時間', 2),
(170, 51, '含景點門票', 3),
(171, 51, '請提前10分鐘集合', 4),
(172, 51, '需自備防曬用品', 5),
(173, 52, '導遊全程陪同', 1),
(174, 52, '需自備防曬用品', 2),
(175, 52, '需自費部分餐食', 3),
(176, 53, '需自備防曬用品', 1),
(177, 53, '請保持手機暢通', 2),
(178, 53, '避免攜帶貴重物品', 3),
(179, 53, '請穿著輕便服裝', 4),
(180, 54, '請保持手機暢通', 1),
(181, 54, '含基本保險', 2),
(182, 54, '請勿餵食野生動物', 3),
(183, 54, '請提前10分鐘集合', 4),
(184, 54, '建議穿運動鞋', 5),
(185, 55, '需自費部分餐食', 1),
(186, 55, '含景點門票', 2),
(187, 55, '需自備防曬用品', 3),
(188, 56, '活動順序可能調整', 1),
(189, 56, '請保持手機暢通', 2),
(190, 56, '需自費部分餐食', 3),
(191, 57, '請保持手機暢通', 1),
(192, 57, '活動順序可能調整', 2),
(193, 57, '拍照請勿使用閃光燈', 3),
(194, 57, '敬請遵守集合時間', 4),
(195, 58, '請攜帶身分證明文件', 1),
(196, 58, '請勿餵食野生動物', 2),
(197, 58, '不含個人消費', 3),
(198, 58, '敬請遵守集合時間', 4),
(199, 58, '活動順序可能調整', 5),
(200, 59, '請保持手機暢通', 1),
(201, 59, '敬請遵守集合時間', 2),
(202, 59, '建議穿運動鞋', 3),
(203, 59, '需自費部分餐食', 4),
(204, 60, '需自費部分餐食', 1),
(205, 60, '請保管好個人物品', 2),
(206, 60, '可自備泳衣與毛巾', 3),
(207, 60, '活動順序可能調整', 4),
(208, 61, '請穿著輕便服裝', 1),
(209, 61, '需自備防曬用品', 2),
(210, 61, '含基本保險', 3),
(211, 61, '含景點門票', 4),
(212, 62, '避免攜帶貴重物品', 1),
(213, 62, '請攜帶身分證明文件', 2),
(214, 62, '需自備防曬用品', 3),
(215, 62, '部分地點需步行', 4),
(216, 63, '請穿著輕便服裝', 1),
(217, 63, '含基本保險', 2),
(218, 63, '需自備防曬用品', 3),
(219, 63, '活動順序可能調整', 4),
(220, 64, '請保持手機暢通', 1),
(221, 64, '部分地點需步行', 2),
(222, 64, '需自備防曬用品', 3),
(223, 64, '請攜帶身分證明文件', 4),
(224, 65, '請攜帶身分證明文件', 1),
(225, 65, '拍照請勿使用閃光燈', 2),
(226, 65, '請穿著輕便服裝', 3),
(227, 65, '請保持手機暢通', 4),
(228, 65, '含景點門票', 5),
(229, 66, '敬請遵守集合時間', 1),
(230, 66, '部分地點需步行', 2),
(231, 66, '請勿餵食野生動物', 3),
(232, 66, '請攜帶身分證明文件', 4),
(233, 66, '請穿著輕便服裝', 5),
(234, 67, '可自備泳衣與毛巾', 1),
(235, 67, '含基本保險', 2),
(236, 67, '需自備防曬用品', 3),
(237, 67, '含景點門票', 4),
(238, 67, '建議穿運動鞋', 5),
(239, 68, '避免攜帶貴重物品', 1),
(240, 68, '可自備泳衣與毛巾', 2),
(241, 68, '請穿著輕便服裝', 3),
(242, 68, '請保持手機暢通', 4),
(243, 68, '部分地點需步行', 5),
(244, 69, '請攜帶身分證明文件', 1),
(245, 69, '請勿餵食野生動物', 2),
(246, 69, '請保持手機暢通', 3),
(247, 69, '活動順序可能調整', 4),
(248, 70, '請保持手機暢通', 1),
(249, 70, '避免攜帶貴重物品', 2),
(250, 70, '不建議孕婦參加', 3),
(251, 70, '部分地點需步行', 4),
(252, 71, '含基本保險', 1),
(253, 71, '避免攜帶貴重物品', 2),
(254, 71, '請保持手機暢通', 3),
(255, 72, '請保管好個人物品', 1),
(256, 72, '請攜帶身分證明文件', 2),
(257, 72, '可自備泳衣與毛巾', 3),
(258, 72, '不含個人消費', 4),
(259, 72, '活動順序可能調整', 5),
(260, 73, '請勿餵食野生動物', 1),
(261, 73, '導遊全程陪同', 2),
(262, 73, '敬請遵守集合時間', 3),
(263, 74, '請保持手機暢通', 1),
(264, 74, '請保管好個人物品', 2),
(265, 74, '導遊全程陪同', 3),
(266, 74, '避免攜帶貴重物品', 4),
(267, 75, '拍照請勿使用閃光燈', 1),
(268, 75, '請保持手機暢通', 2),
(269, 75, '敬請遵守集合時間', 3),
(270, 75, '請攜帶身分證明文件', 4),
(271, 76, '含景點門票', 1),
(272, 76, '請提前10分鐘集合', 2),
(273, 76, '不建議孕婦參加', 3),
(274, 76, '請保持手機暢通', 4),
(275, 77, '請提前10分鐘集合', 1),
(276, 77, '需自備防曬用品', 2),
(277, 77, '避免攜帶貴重物品', 3),
(278, 78, '不建議孕婦參加', 1),
(279, 78, '不含個人消費', 2),
(280, 78, '含基本保險', 3),
(281, 78, '請保管好個人物品', 4),
(282, 79, '請勿餵食野生動物', 1),
(283, 79, '導遊全程陪同', 2),
(284, 79, '含景點門票', 3),
(285, 79, '部分地點需步行', 4),
(286, 80, '請穿著輕便服裝', 1),
(287, 80, '請保持手機暢通', 2),
(288, 80, '不建議孕婦參加', 3),
(289, 81, '導遊全程陪同', 1),
(290, 81, '請保持手機暢通', 2),
(291, 81, '拍照請勿使用閃光燈', 3),
(292, 81, '敬請遵守集合時間', 4),
(293, 81, '含景點門票', 5),
(294, 82, '請保管好個人物品', 1),
(295, 82, '含景點門票', 2),
(296, 82, '不建議孕婦參加', 3),
(297, 82, '避免攜帶貴重物品', 4),
(298, 82, '需自費部分餐食', 5),
(299, 83, '請攜帶身分證明文件', 1),
(300, 83, '敬請遵守集合時間', 2),
(301, 83, '避免攜帶貴重物品', 3),
(302, 83, '導遊全程陪同', 4),
(303, 83, '需自費部分餐食', 5),
(304, 84, '請保管好個人物品', 1),
(305, 84, '需自費部分餐食', 2),
(306, 84, '請穿著輕便服裝', 3),
(307, 84, '含基本保險', 4),
(308, 85, '需自備防曬用品', 1),
(309, 85, '建議穿運動鞋', 2),
(310, 85, '含基本保險', 3),
(311, 85, '需自費部分餐食', 4),
(312, 86, '含景點門票', 1),
(313, 86, '請攜帶身分證明文件', 2),
(314, 86, '不含個人消費', 3),
(315, 87, '請保管好個人物品', 1),
(316, 87, '建議穿運動鞋', 2),
(317, 87, '活動順序可能調整', 3),
(318, 88, '請提前10分鐘集合', 1),
(319, 88, '避免攜帶貴重物品', 2),
(320, 88, '請穿著輕便服裝', 3),
(321, 88, '建議穿運動鞋', 4),
(322, 88, '拍照請勿使用閃光燈', 5),
(323, 89, '敬請遵守集合時間', 1),
(324, 89, '拍照請勿使用閃光燈', 2),
(325, 89, '請勿餵食野生動物', 3),
(326, 90, '含基本保險', 1),
(327, 90, '敬請遵守集合時間', 2),
(328, 90, '請攜帶身分證明文件', 3),
(329, 90, '部分地點需步行', 4),
(330, 91, '請穿著輕便服裝', 1),
(331, 91, '請勿餵食野生動物', 2),
(332, 91, '拍照請勿使用閃光燈', 3),
(333, 92, '含景點門票', 1),
(334, 92, '拍照請勿使用閃光燈', 2),
(335, 92, '不含個人消費', 3),
(336, 92, '導遊全程陪同', 4),
(337, 92, '不建議孕婦參加', 5),
(338, 93, '含景點門票', 1),
(339, 93, '請穿著輕便服裝', 2),
(340, 93, '活動順序可能調整', 3),
(341, 93, '需自備防曬用品', 4),
(342, 94, '請保管好個人物品', 1),
(343, 94, '敬請遵守集合時間', 2),
(344, 94, '不含個人消費', 3),
(345, 95, '請提前10分鐘集合', 1),
(346, 95, '可自備泳衣與毛巾', 2),
(347, 95, '建議穿運動鞋', 3),
(348, 95, '不含個人消費', 4),
(349, 95, '含景點門票', 5),
(350, 96, '活動順序可能調整', 1),
(351, 96, '含基本保險', 2),
(352, 96, '請提前10分鐘集合', 3),
(353, 96, '需自備防曬用品', 4),
(354, 96, '敬請遵守集合時間', 5),
(355, 97, '需自備防曬用品', 1),
(356, 97, '請勿餵食野生動物', 2),
(357, 97, '請保持手機暢通', 3),
(358, 97, '導遊全程陪同', 4),
(359, 98, '活動順序可能調整', 1),
(360, 98, '請保持手機暢通', 2),
(361, 98, '需自費部分餐食', 3),
(362, 98, '需自備防曬用品', 4),
(363, 99, '不含個人消費', 1),
(364, 99, '敬請遵守集合時間', 2),
(365, 99, '請勿餵食野生動物', 3),
(366, 100, '需自備防曬用品', 1),
(367, 100, '含基本保險', 2),
(368, 100, '活動順序可能調整', 3),
(369, 101, '請勿餵食野生動物', 1),
(370, 101, '避免攜帶貴重物品', 2),
(371, 101, '請提前10分鐘集合', 3),
(372, 102, '避免攜帶貴重物品', 1),
(373, 102, '需自費部分餐食', 2),
(374, 102, '需自備防曬用品', 3),
(375, 102, '拍照請勿使用閃光燈', 4),
(376, 102, '建議穿運動鞋', 5),
(377, 103, '請提前10分鐘集合', 1),
(378, 103, '需自費部分餐食', 2),
(379, 103, '含基本保險', 3),
(380, 103, '導遊全程陪同', 4),
(381, 103, '建議穿運動鞋', 5);

-- --------------------------------------------------------

--
-- 資料表結構 `regions`
--

CREATE TABLE `regions` (
  `id` int(11) NOT NULL,
  `name` varchar(20) NOT NULL
) ENGINE=InnoDB DEFAULT CHARSET=utf8mb4 COLLATE=utf8mb4_general_ci;

--
-- 傾印資料表的資料 `regions`
--

INSERT INTO `regions` (`id`, `name`) VALUES
(1, '北越'),
(2, '中越'),
(3, '南越'),
(4, '富國島');

-- --------------------------------------------------------

--
-- 資料表結構 `sub_cate`
--

CREATE TABLE `sub_cate` (
  `id` int(11) NOT NULL,
  `main_cate_id` int(11) NOT NULL,
  `name` varchar(20) NOT NULL
) ENGINE=InnoDB DEFAULT CHARSET=utf8mb4 COLLATE=utf8mb4_general_ci;

--
-- 傾印資料表的資料 `sub_cate`
--

INSERT INTO `sub_cate` (`id`, `main_cate_id`, `name`) VALUES
(1, 1, '一日/半日遊'),
(2, 1, '多日遊'),
(3, 1, '生態之旅'),
(4, 1, '步行之旅'),
(5, 1, '美食之旅'),
(6, 2, '郵輪假期'),
(7, 2, 'SPA&按摩'),
(8, 2, '溫泉泡湯'),
(9, 2, '美容保養'),
(10, 2, '購物之旅'),
(11, 3, '自行車觀光'),
(12, 3, '摩托車觀光'),
(13, 3, '觀光巴士'),
(14, 3, '遊輪'),
(15, 3, '空中觀光'),
(16, 4, '健行'),
(17, 4, '露營'),
(18, 4, '水上活動'),
(19, 4, '登山'),
(20, 4, '高爾夫'),
(21, 5, '手作工作坊'),
(22, 5, '咖啡體驗課程'),
(23, 5, '料理課程'),
(24, 5, '服裝體驗'),
(25, 5, '攝影');

-- --------------------------------------------------------

--
-- 資料表結構 `trips`
--

CREATE TABLE `trips` (
  `id` int(11) NOT NULL,
  `name` varchar(100) NOT NULL,
  `main_cate_id` int(11) NOT NULL,
  `sub_cate_id` int(11) NOT NULL,
  `region_id` int(11) NOT NULL,
  `city_id` int(11) NOT NULL,
  `info` text NOT NULL,
  `description` text NOT NULL,
  `price` int(11) NOT NULL,
  `stock` int(11) NOT NULL DEFAULT 1,
  `duration` int(11) NOT NULL DEFAULT 1,
  `booking_start_at` datetime DEFAULT NULL,
  `booking_end_at` datetime DEFAULT NULL,
  `views` int(11) DEFAULT 0,
  `published_at` datetime DEFAULT NULL,
  `unpublished_at` datetime DEFAULT NULL,
  `created_at` datetime NOT NULL DEFAULT current_timestamp(),
  `updated_at` datetime DEFAULT NULL ON UPDATE current_timestamp(),
  `is_valid` tinyint(1) DEFAULT 1
) ENGINE=InnoDB DEFAULT CHARSET=utf8mb4 COLLATE=utf8mb4_general_ci;

--
-- 傾印資料表的資料 `trips`
--

INSERT INTO `trips` (`id`, `name`, `main_cate_id`, `sub_cate_id`, `region_id`, `city_id`, `info`, `description`, `price`, `stock`, `duration`, `booking_start_at`, `booking_end_at`, `views`, `published_at`, `unpublished_at`, `created_at`, `updated_at`, `is_valid`) VALUES
(1, '【富國島夢幻三島巡航】跳島浮潛一日遊：Mong Tay、Gam Ghi、May Rut', 1, 1, 4, 14, '跳上船一起探索富國島附近的三個美妙島嶼吧！在 Gam Ghi 和 Mong Tay 群島浮潛時，可以看到各種各樣的珊瑚礁。在 May Rut 島的原始海灘上放鬆身心，結束您的一天。', '📝 行程介紹\r\n乘著清晨的陽光，我們將展開一段難忘的夢幻跳島之旅。\r\n此行程將帶你探索富國島南方三座最迷人的離島 —— Mong Tay、Gam Ghi 與 May Rut，每一座島嶼都擁有獨特魅力與原始風光。\r\n無論是潛入珊瑚海域欣賞繽紛海底世界，或是在潔白沙灘上享受靜謐時光，都能讓身心完全放鬆。\r\n整段行程以舒適快艇連接每個島嶼，搭配貼心服務與美味午餐，適合情侶、朋友與家庭出遊。\r\n準備好讓海風吹散煩憂，留下陽光與笑聲的回憶吧！☀️🌊\r\n\r\n📅 第1天\r\n🕗 08:00｜飯店接送／集合出發\r\n專車將前往各大飯店接送旅客，集合後前往港口展開今天的跳島之旅。\r\n\r\n🚤 09:00｜搭乘快艇啟航，前往 Mong Tay 島\r\n在富國島的蔚藍海域上飛馳，清晨的海風吹來清新氣息。\r\n首先抵達被譽為“指甲島”的 Mong Tay 島，這裡以白沙灘與靜謐海岸聞名，是拍照與短暫漫步的絕佳地點。\r\n\r\n🤿 10:00｜浮潛體驗＠Gam Ghi 島海域\r\n抵達 Gam Ghi 島後，進行當日最精彩的活動之一 —— 浮潛！\r\n這裡的海域擁有富國島最壯觀的珊瑚礁群，繽紛熱帶魚就在你眼前穿梭，帶來前所未有的驚喜體驗。\r\n\r\n🏝️ 12:00｜登上 May Rut 島享用午餐與自由活動\r\nMay Rut 島被譽為富國島最純淨的沙灘與椰林。\r\n享用當地風味海鮮午餐後，可在吊床上小憩、海邊戲水，或於島上咖啡小館享受悠閒時光。\r\n\r\n🛍️ 14:30｜拍照與購買手作紀念品\r\n自由時間內，你可選購島上手工藝品與特色商品，留下美好紀念。\r\n此時陽光柔和，是拍照留影的最佳時刻。\r\n\r\n⛴️ 15:30｜搭船返回富國島本島港口\r\n結束這段豐富的跳島行程，搭乘快艇緩緩返航，回顧這天的陽光、海浪與笑聲。\r\n\r\n🚐 16:30｜送返飯店，結束行程\r\n抵達港口後，專車將送你返回飯店，結束這段豐富又悠閒的跳島一日遊。', 2300, 17, 1, '2025-07-05 00:00:00', '2025-08-02 00:00:00', 177, '2025-06-29 00:00:00', NULL, '2025-06-24 00:00:00', NULL, 1),
(2, '【深入戰爭歷史】胡志明出發古芝地道探秘半日遊', 1, 1, 3, 10, '探索傳奇的古芝地道，這是越南戰爭期間使用的長達 220 公里的地道網絡。 這個英雄的地區距離胡志明市 60 公里，可以讓人一窺越南的戰爭歷史。', '從胡志明市出發，深入探索越南最具歷史意義的地下戰爭遺址——古芝地道。\r\n這段半日旅程將帶你進入一個極具震撼的時光隧道，回到戰火紛飛的年代，親身體驗越南人民在極端條件下的堅韌與智慧。\r\n\r\n古芝地道總長超過 220 公里，是越戰期間越共游擊隊的重要據點。你將有機會實地走入狹窄地道、參觀地下會議室、廚房與彈藥室，了解當時如何在地底生活與作戰。此外，導覽人員將以中文或英文詳細解說，使你更容易理解戰爭背後的故事與精神。\r\n\r\n整趟旅程時間雖短，卻充滿震撼與教育意義，特別適合對歷史、軍事與文化有興趣的旅客。📜\r\n\r\n📅 第1天\r\n🕗 07:30｜飯店接送集合\r\n專車前往市區各大飯店接送旅客，集合後準時出發前往古芝地道。\r\n沿途導遊將簡介今日行程與古芝地區的歷史背景。\r\n\r\n🚐 08:30｜前往古芝地道區（距離約 60 公里）\r\n車程約 1.5 小時，途中穿越胡志明近郊鄉村，兩旁可見稻田、橡膠林與當地村落。\r\n\r\n📽️ 10:00｜觀看歷史紀錄短片\r\n抵達後，首先進入展示廳觀看越戰期間的歷史影片，了解古芝地道的重要性與建設背景。\r\n\r\n🕳️ 10:30｜實地探訪地道區域\r\n在導遊帶領下，參觀包括：偽裝入口、陷阱示範、彈藥製造所、地底醫院與會議室。\r\n你也可嘗試親身進入模擬地道，體驗當年游擊隊員所經歷的艱困與壓迫。\r\n\r\n🍠 11:30｜品嚐當地游擊餐點\r\n行程最後將品嚐地道中典型的「游擊隊炊事餐」──烤地瓜與木薯，感受戰時生活的簡樸與堅韌。\r\n\r\n🚌 12:00｜返回胡志明市\r\n結束行程，搭乘專車返回市區，沿途可再次欣賞郊區風景與交流行程心得。\r\n\r\n🕐 13:30｜抵達飯店，行程結束\r\n抵達後送返至原住宿地點，這段深度而緊湊的歷史之旅圓滿結束，留下滿滿反思與記憶。', 800, 16, 1, '2025-03-12 00:00:00', '2025-07-02 00:00:00', 377, '2025-03-09 00:00:00', NULL, '2025-02-27 00:00:00', '2025-02-28 00:00:00', 1),
(3, '【海岸風情輕旅行】頭頓經典一日遊：基督君王雕像＋白宮探訪', 1, 1, 3, 10, '頭頓一日遊，參觀基督君王雕像與白宮，感受越南海濱城市的宗教與歷史魅力。', '展開一場融合宗教、歷史與自然景致的輕旅行，前往越南南部海濱城市——頭頓。\r\n本行程將帶你登上海拔高處俯瞰海景的「基督君王雕像」，造訪融合殖民風情與越南文化的「白宮」，並深入當地生活場域。這是一次既輕鬆又豐富的文化巡禮，一天內即可感受到頭頓的獨特魅力與多元歷史風貌。\r\n\r\n適合喜歡拍照、文化體驗與大自然景觀的旅客，也是一趟非常適合親子與長輩同行的溫和旅程。\r\n\r\n📅 第1天\r\n🕗 07:30｜胡志明市出發，開啟海濱文化之旅\r\n從胡志明市市區集合出發，搭乘專車前往頭頓市，沿途欣賞鄉村與海岸風光，車程約 2.5 小時。\r\n\r\n🗽 10:00｜登頂基督君王雕像，俯瞰無敵海景\r\n抵達後，首先前往矗立於小山丘上的「基督君王雕像」，這座雕像高達 32 公尺，雙臂展開達 18 公尺，是越南重要地標之一。你可沿著台階登頂，眺望整片南中國海壯麗風光，享受片刻寧靜與心靈洗滌。\r\n\r\n🏛️ 11:30｜白宮參觀，漫步歷史長廊\r\n接著前往頭頓白宮（Bach Dinh），這座殖民時期的法式建築過去曾作為法國總督的避暑行宮。館內展示著歷史文物與古董家具，從建築結構到展示品皆能感受殖民與在地文化交融的軌跡。\r\n\r\n🍽️ 12:30｜海景午餐，品味在地風味\r\n前往當地餐廳享用海鮮午餐（可依套餐內容調整），邊享用料理邊欣賞海天一線的景色，是補充體力與拍照的絕佳時機。\r\n\r\n🏖️ 14:00｜自由時間探索沙灘或咖啡館\r\n用完午餐後，安排自由活動時間。你可漫步於沙灘，拍攝美照，或前往市區特色咖啡店小歇一會，感受頭頓悠閒的生活節奏。\r\n\r\n🚌 15:30｜集合返程，沿途欣賞海岸風光\r\n集合後搭車返回胡志明市，結束一天精彩的頭頓文化旅程。\r\n\r\n🕕 18:00｜抵達胡志明市，行程圓滿落幕\r\n專車送回原住宿地點，留下滿滿回憶與滿足心情。\r\n', 950, 0, 1, '2025-04-15 00:00:00', '2025-08-18 00:00:00', 526, '2025-04-07 00:00:00', NULL, '2025-04-03 00:00:00', '2025-04-08 00:00:00', 1),
(4, '【穿越皇城歲月】峴港出發順化古都深度一日遊', 1, 1, 2, 9, '峴港出發前往順化古都，走進皇城、皇陵，體驗越南王朝的歷史氣息與文化深度。', '從峴港出發，展開一場穿越時空的古都之旅。\r\n順化作為阮朝的首都，至今保留了完整的皇城、帝陵與歷史遺跡，是探索越南歷史與文化不可錯過的一站。本行程將帶你深入順化皇城、參觀著名的帝王陵寢，還有沿香江而行的詩意之美，讓你感受到昔日王朝的風采與現代城市的靜謐融合。\r\n\r\n📅 第1天\r\n🕗 07:30｜峴港飯店接送，前往順化\r\n專車於早上從峴港市區出發，沿途經過海雲嶺，欣賞中越海岸線的壯麗景色，預計車程約 2.5 小時。\r\n\r\n🏯 10:00｜探訪順化皇城，重返古越王朝\r\n首先參觀順化皇城（Imperial City），這是昔日阮朝皇室的宮廷建築群，被聯合國列為世界文化遺產。\r\n你將穿越午門、太和殿、紫禁城等歷史遺跡，了解皇室生活、建築美學與越南封建歷史。\r\n\r\n🪦 11:30｜前往帝王陵墓，感受王者氣息\r\n接續前往知名的明命陵或凱定陵（視當日安排而定），這些陵墓融合自然景觀與精緻建築，展現皇帝對永恆的想像與權力象徵。導覽員將介紹陵墓中的象徵符號與歷史背景。\r\n\r\n🍽️ 12:30｜享用越式午餐，補充能量\r\n在當地特色餐廳享用午餐，品嚐順化當地的傳統美食，如順化牛肉河粉、糕點或宮廷料理，體驗昔日皇家的飲食文化。\r\n\r\n🏞️ 14:00｜乘船遊香江，訪天姥寺\r\n下午安排香江（Perfume River）遊船，感受水面涼風與城市靜謐。途中靠岸參觀順化最古老且著名的佛寺「天姥寺（Thien Mu Pagoda）」，塔樓俯瞰香江，是順化最具代表性的宗教地標之一。\r\n\r\n🎐 15:30｜自由時間拍照與購物\r\n可選擇在順化老街短暫停留，拍照打卡、選購特色紀念品或品嚐在地甜點，輕鬆感受當地人文氛圍。\r\n\r\n🚌 16:30｜專車接回，啟程返回峴港\r\n集合返程，沿著原路欣賞傍晚的中部山海交界景色，回程約 2.5 小時。\r\n\r\n🕕 19:00｜抵達峴港，結束一日皇城之旅\r\n專車送回原住宿地點，帶著滿滿歷史記憶與文化感動回程。', 1200, 0, 1, '2025-07-03 00:00:00', '2025-08-24 00:00:00', 272, '2025-02-26 00:00:00', NULL, '2025-02-18 00:00:00', NULL, 1),
(5, '【水鄉探險趣】湄公河三角洲經典一日遊｜胡志明市出發', 1, 1, 3, 13, '乘船遊覽、當地村莊和正宗美食，探索湄公河三角洲的魅力。暢遊湄公河三角洲，搭船深入熱帶水鄉，體驗當地生活與自然風光，文化探索一次滿足。', '從胡志明市出發，踏上一場探索越南「東方威尼斯」──湄公河三角洲的水鄉文化之旅。\r\n搭乘傳統小舟穿梭熱帶叢林，造訪當地村莊與果園，品嚐道地美食與手工糖果，深入感受南越人們的生活方式與淳樸人情，給你豐富且難忘的一日體驗。\r\n\r\n📅 第1天\r\n🕗 08:00｜集合出發，前往湄公河三角洲\r\n於胡志明市飯店集合出發，搭乘舒適專車前往美拖（My Tho），行車時間約 1.5 小時。導覽員將沿途介紹湄公河的地理與文化背景。\r\n\r\n🚤 09:30｜搭船遊湄公河，感受水鄉風情\r\n抵達美拖後登船，開始你的湄公河之旅。沿著寬廣的水道航行，觀賞兩岸椰林與高腳屋風光，體會熱帶河流特有的生態景觀。\r\n\r\n🍭 10:30｜參觀傳統椰子糖工坊，體驗手作魅力\r\n靠岸參觀當地的椰子糖工坊，了解傳統糖果的製作流程，還可品嚐新鮮製作的椰子糖與乾果小點，感受職人文化。\r\n\r\n🚣‍♀️ 11:30｜手划小舟深入叢林水道，穿梭尼帕棕櫚林\r\n轉乘小型手划船進入狹窄的支流水道，兩岸椰林茂密、陽光灑落水面，是拍照打卡的絕佳場景。體驗安靜又詩意的湄公河支流之美。\r\n\r\n🍽️ 12:30｜享用在地風味午餐，補充能量\r\n於當地村莊享用越式風味午餐，包括炸象魚捲餅、越式酸湯與新鮮水果等特色料理，享受豐盛的鄉村饗宴。\r\n\r\n🎵 13:30｜欣賞越南傳統音樂，體驗文化交流\r\n午餐後安排當地人演奏傳統南部民謠音樂，搭配水果茶點，感受南越人民的熱情好客與音樂文化的魅力。\r\n\r\n🌴 14:30｜參觀果園與蜂蜜園，品嚐天然風味\r\n前往果園與蜂蜜園，了解當地農業生產方式，並試飲蜂蜜茶與品嚐各式熱帶水果，如火龍果、芭樂與山竹。\r\n\r\n🚌 15:30｜啟程返回胡志明市\r\n集合搭乘巴士返回胡志明市，沿途回顧今天的豐富行程與難忘經歷。\r\n\r\n🕕 17:00｜抵達胡志明市，行程結束\r\n返回原住宿地點，結束精彩的湄公河水鄉探險之旅，滿載回憶與笑容。', 1050, 35, 1, '2025-04-25 00:00:00', '2025-07-17 00:00:00', 864, '2025-04-15 00:00:00', NULL, '2025-04-07 00:00:00', '2025-04-09 00:00:00', 1),
(6, '【世界奇景】下龍灣豪華遊輪之旅｜河內出發｜頂級轎車接送', 1, 1, 1, 2, '下龍灣一日遊豪華遊輪豪華轎車從河內接送，深度體驗越南文化與自然魅力，行程豐富精彩不容錯過。', '展開下龍灣的奢華一日遊，從河內搭乘頂級專車出發，享受尊榮接送與全程貼心服務。搭乘五星級豪華遊輪，探索世界自然遺產——下龍灣壯麗奇岩與海上洞穴，並享受船上精緻美食、划獨木舟與探險活動，讓你在短短一天中擁有難忘海上體驗。\r\n\r\n📅 第1天\r\n🚗 07:00｜河內出發，尊榮轎車接送\r\n從河內市中心飯店出發，搭乘舒適的高級轎車前往下龍灣，沿途欣賞北越鄉間景致，行車約 2.5 小時，提供礦泉水與簡易早餐。\r\n\r\n🛥️ 09:30｜抵達下龍碼頭，登船開啟奇景之旅\r\n抵達後由專人引導登上豪華遊輪，歡迎飲品與簡單導覽介紹船上設施。船艙設備完善，提供舒適的休憩空間與寬敞甲板。\r\n\r\n🪨 10:00｜啟航遊覽下龍灣，探索奇岩怪石\r\n航行於壯麗的石灰岩島嶼之間，船長將特別介紹雞公石、鬥雞石等著名自然地標。相機準備好，隨時捕捉驚艷景色。\r\n\r\n🏞️ 11:00｜參觀驚訝洞（Sung Sot Cave），奇幻鐘乳石世界\r\n靠岸登陸驚訝洞，步行進入壯麗的石灰岩洞穴。洞內奇形怪狀的鐘乳石構造，宛如童話場景，令人目不暇給。\r\n\r\n🍽️ 12:30｜船上享用越式海鮮午餐\r\n返回船上，享用豐盛午餐，包括新鮮海鮮料理、越南春捲、炒飯與當地蔬菜等，眺望海景邊用餐，愜意至極。\r\n\r\n🛶 14:00｜獨木舟或竹筏體驗，自由划行於靜謐海灣\r\n於指定水域下船參加自由活動，可選擇划獨木舟或搭乘竹筏近距離探索石灰岩洞穴與清澈海面，體驗自然的寧靜與美麗。\r\n\r\n🏖️ 15:00｜自由時光，於甲板曬太陽或拍照留念\r\n回到遊輪後可選擇於上層甲板欣賞風景、拍照打卡，或在船艙內休憩片刻，享受寧靜片刻。\r\n\r\n🚗 16:00｜結束航程，返回下龍碼頭\r\n遊輪返回碼頭，結束難忘的海上奇景之旅，準備返回河內。\r\n\r\n🚌 16:30｜專車返回河內\r\n搭乘原車返回河內，途中稍作停留休息，回程約 2.5 小時，沿途回顧今日豐富行程。\r\n\r\n🕕 19:00｜回到河內，行程結束\r\n預計傍晚時分抵達飯店，結束一天的豪華遊輪體驗，留下無數回憶與美麗影像。', 5450, 40, 1, '2025-03-23 00:00:00', '2025-07-19 00:00:00', 953, '2025-03-22 00:00:00', NULL, '2025-03-14 00:00:00', '2025-03-18 00:00:00', 1),
(7, '【美奈風光全覽】沙丘、仙女溪、漁村探訪一日遊', 1, 1, 3, 12, '享受仙女溪的美麗、漁村的當地生活以及著名的紅沙丘。乘坐全地形車或吉普車去冒險。在美奈海灘放鬆身心，享受清爽的海風，恢復活力。在胡志明市體驗有趣和冒險的一天。', '逃離城市喧囂，踏上前往美奈的自然探險之旅！這趟一日遊將帶你深入越南著名的仙女溪、紅白沙丘和漁村，體驗原始風貌與當地生活文化。搭乘吉普車奔馳於沙丘之間，盡覽沙漠與海洋交織的絕美景色，是親近自然與冒險體驗的完美組合！\r\n\r\n📅 第1天\r\n🚌 05:00｜從胡志明市出發\r\n清晨出發，搭乘舒適巴士離開城市，前往約 4 小時車程外的美奈，沿途可欣賞越南南部的鄉村風光。\r\n\r\n🥐 08:30｜抵達美奈，自由早餐與簡單休息\r\n在當地餐廳享用簡單早餐（自費），稍作休息後準備展開精彩一日遊。\r\n\r\n⛱️ 09:00｜白沙丘（White Sand Dunes）探險\r\n搭乘全地形車（ATV）或吉普車，奔馳於壯觀的白沙丘中。這片如月球般的純白沙丘是攝影愛好者的天堂。也可選擇乘坐滑沙板體驗刺激快感！\r\n\r\n📸 10:30｜紅沙丘（Red Sand Dunes）拍照留念\r\n前往紅沙丘，感受陽光灑落在沙面上所呈現的金紅色波浪，是美奈最具標誌性的景點之一。可再次體驗滑沙或漫步沙漠邊緣，留下打卡美照。\r\n\r\n🎣 11:30｜探訪當地漁村\r\n造訪靠海而生的傳統漁村，觀察當地居民的捕魚生活、圓形竹船（Thung Chai）與漁獲曬乾場，感受原汁原味的越南海岸生活。\r\n\r\n🌊 12:30｜午餐時間（自費）＋海邊自由活動\r\n於當地餐廳享用海鮮大餐，餐後可在海灘漫步、拍照或於躺椅上小憩，享受蔚藍海岸帶來的片刻悠閒。\r\n\r\n🍃 14:00｜仙女溪（Fairy Stream）自然步道健行\r\n赤腳漫步於柔軟紅土溪流中，沿著仙女溪探索特殊的石灰岩地貌、紅白岩層與綠意盎然的溪畔植物。這是一段如夢似幻的自然洗禮。\r\n\r\n📍 15:30｜返回美奈市區，短暫自由活動\r\n可選擇購買伴手禮、飲料或再次造訪心儀景點補拍照片。\r\n\r\n🚐 16:00｜搭乘巴士返回胡志明市\r\n整理行李與回憶，搭乘原車返程，預計車程約 4 小時，沿途小憩。\r\n\r\n🌆 20:00｜抵達胡志明市，行程圓滿結束\r\n返回指定集合地點，下車解散。結束充實又療癒的一日美奈探索之旅！', 1250, 21, 1, '2025-04-19 00:00:00', '2025-05-29 00:00:00', 674, '2025-04-15 00:00:00', '2025-05-29 00:00:00', '2025-04-12 00:00:00', '2025-04-17 00:00:00', 1),
(8, '【古都與山水】河內出發華閭三谷一日遊｜遊船與歷史文化融合', 1, 1, 1, 4, '寧平省是遊客短期旅遊的最佳選擇，擁有數十個必遊景點和日益升級的服務，現在其旅遊活動越來越受到人們的關注。此一日遊包括宗教崇拜、划船、歷史和發掘學習。', '走訪越南北部的「陸上下龍灣」──寧平省，深入探索融合壯麗自然與千年古都歷史的華閭與三谷。一日行程中將體驗古都遺跡、寧靜水路與秀麗山巒，乘坐小舟穿越石灰岩洞穴，感受文化與山水交織的獨特魅力！\r\n\r\n📅 第1天\r\n🚌 07:30｜從河內出發，前往寧平省\r\n從河內飯店搭乘專車，約 2 小時車程。沿途欣賞北越農村田園風光，綠意盎然，令人心曠神怡。\r\n\r\n🏯 09:30｜參觀華閭古都（Hoa Lu Ancient Capital）\r\n抵達後先造訪 10 世紀丁朝與前黎朝的古都遺跡，欣賞古老廟宇建築、歷史雕刻與帝王故事。這裡曾是越南最早的中央集權政權所在地，充滿濃厚歷史氛圍。\r\n\r\n⛰️ 11:00｜登訪 Mua Cave（舞洞）觀景台（如行程包含）\r\n爬上 500 階石階後可俯瞰整個三谷壯麗全景，是攝影與打卡熱點（視套餐而定）。\r\n\r\n🍴 12:00｜享用越南風味午餐\r\n於當地餐廳享用道地越南餐食，包含炒麵、春捲、當地蔬菜與清爽湯品，補充能量準備下半日探索。\r\n\r\n🛶 13:30｜三谷（Tam Coc）搭乘手搖小船遊河\r\n乘坐由當地婦人以腳划槳的傳統竹舟，順流穿梭於三座石灰岩山與蜿蜒河道之間，悠然漂流於如畫山水，途經數個天然鐘乳石洞穴，感受北越自然地貌的壯麗與靜謐。\r\n\r\n📸 15:00｜自由拍照與探索河畔村落\r\n下船後可在岸邊小鎮逛逛、購買當地手工藝品、品嚐椰子水或拍照留念，體驗寧平慢生活節奏。\r\n\r\n☕ 15:30｜簡單茶點與休息時間\r\n提供當地茶飲與小點心，享受午後陽光與清風，感受遠離都市塵囂的放鬆片刻。\r\n\r\n🚐 16:00｜返回河內\r\n結束一整天的豐富行程，搭車返回河內。沿途休息或小憩。\r\n\r\n🌇 18:00｜抵達河內市區，行程圓滿結束\r\n回到原集合地點，自由解散，帶著滿滿的回憶結束這趟文化與自然完美融合的一日旅程。', 1100, 12, 1, '2025-04-15 00:00:00', '2025-07-24 00:00:00', 547, '2025-04-13 00:00:00', NULL, '2025-04-10 00:00:00', '2025-04-13 00:00:00', 1),
(9, '【峴港/會安經典半日遊】靈應寺＋五行山＋猴山小團精緻體驗', 1, 1, 2, 7, '大理石山、猴子山、靈應寺，深度體驗越南文化與自然魅力，行程豐富精彩不容錯過。', '用半天時間深入探索峴港與會安周邊三大經典景點：靈應寺、五行山與猴山。從壯觀的佛教建築、神秘的洞窟石山到俯瞰海岸的絕美山景，一次體驗越南文化與自然的交融之美，適合想輕旅行又充實的你！\r\n\r\n📅 第1天（半日行程）\r\n🕘 08:00｜飯店接駁出發（或13:00 午後行程）\r\n專車至指定集合地點，迎接展開本地導覽小團旅程，專屬貼心導遊陪同。\r\n\r\n🏔️ 08:30｜參訪五行山（Marble Mountains）\r\n五行山又稱「大理石山」，由五座石灰岩山組成，象徵金、木、水、火、土五行元素。可探索隱藏於山壁間的洞穴與佛教寺廟，登高可俯瞰峴港海岸美景，石梯、靈洞與祈福香火交織成靜謐氛圍。\r\n\r\n🧘 10:00｜靈應寺（Linh Ung Pagoda）參拜\r\n造訪位於山上的靈應寺，供奉著峴港最具代表性的「觀音像」，高達 67 公尺、俯瞰整個美溪海灘，是當地漁民重要的心靈依靠。寺廟莊嚴肅穆，四周山海環抱，氣氛祥和。\r\n\r\n🐒 11:00｜猴山探訪（Son Tra Peninsula）\r\n搭車前往山路彎繞的猴山，又稱仙山，這裡常可見到野生獼猴自由穿梭於林中，是攝影與自然愛好者的祕密天堂。站上山頂，可遠眺峴港灣與城市美景，是本地旅人最愛的打卡點之一。\r\n\r\n📸 11:30｜觀景與自由拍照時間\r\n在山上短暫停留，享受海風與高處視野，可與觀音像或整座峴港城市合影留念，留下旅程中最獨特的一刻。\r\n\r\n🚐 12:00｜返回飯店，行程結束（或17:00 午後場次）\r\n結束精彩半日之旅，返回原出發地。若選擇下午場，時間對應調整為午餐後出發、傍晚返回。', 1150, 27, 1, '2025-04-23 00:00:00', '2025-07-20 00:00:00', 320, '2025-04-16 00:00:00', NULL, '2025-04-13 00:00:00', '2025-04-17 00:00:00', 1),
(10, '【芽莊海上奇遇】浮潛探險＋迷你沙灘＋海鮮午餐一日遊', 1, 1, 2, 8, '讓自己迷失在芽莊灣的自然美景中吧，這裡是世界上最美麗的海灣之一。 踏上前往三個原始島嶼的一日遊。 從清澈的海水中浮潛到完美的白色海岸上閒逛，您將被越南頂級的自然景點之一所迷住。', '沉浸在芽莊灣令人驚嘆的自然美景中，展開一段探索三座原始小島的夢幻旅程。從湛藍海水中的浮潛探險，到在私人沙灘上享受陽光與海風，還有道地新鮮的海鮮午餐，一日輕鬆玩遍越南最迷人的海上祕境！\r\n\r\n📅 第1天（芽莊出發）\r\n🕘 08:00｜飯店接駁集合，啟程出發\r\n專車接送至芽莊港口，與導遊會合後登上今日的遊艇，開啟海上奇遇冒險！\r\n\r\n🚤 09:00｜出航前往第一座島嶼\r\n感受海風吹拂與海天一線的壯麗景緻，航行約 30～40 分鐘抵達首個目的地。\r\n\r\n🤿 09:40｜浮潛體驗：珊瑚與熱帶魚的天堂\r\n在清澈見底的海水中浮潛，探索色彩繽紛的珊瑚礁與成群結隊的熱帶魚。專業裝備與教練指導，讓初學者也能安心享受海底世界。\r\n\r\n🏖️ 11:00｜迷你沙灘：陽光、海浪與發呆\r\n前往擁有白色細沙的私人沙灘，這裡人煙稀少，是放空與拍照的絕佳地點。可自由選擇日光浴、戲水或在沙灘椅上小憩，遠離城市喧囂。\r\n\r\n🦐 12:30｜享用海鮮風味午餐\r\n在海邊享用豐盛的午餐，包含現撈海鮮、越式熱炒與在地小菜，搭配熱帶水果與涼飲，補充滿滿活力。\r\n\r\n⛱️ 14:00｜探索第三座島嶼或享受自由活動\r\n可視當天天候安排，造訪第三座島嶼進行輕鬆散步、拍照，或回到沙灘繼續放鬆。每座小島都有不同特色，讓人流連忘返。\r\n\r\n🚤 15:30｜啟程返回芽莊港口\r\n結束海上旅程，乘船返回港口，沿途欣賞落日餘暉與海面光影交織的絕美畫面。\r\n\r\n🚐 16:30｜飯店下車，行程圓滿結束\r\n專車送返至原住宿地點，留下充實難忘的一天回憶。', 1300, 8, 1, '2025-07-14 00:00:00', '2025-08-13 00:00:00', 789, '2025-07-04 00:00:00', NULL, '2025-06-29 00:00:00', NULL, 1),
(11, '【首都精選】河內城市文化探索全日遊｜含地道午餐', 1, 1, 1, 1, '河內城市一日遊讓遊客可以參觀保存完好的殖民時期建築、古塔、寺廟和獨特的博物館等。', '深入探索越南的首都——河內，一座融合歷史與現代的迷人城市。您將漫步於殖民時期的街道之中，造訪經典古蹟、佛寺與重要地標，還能品嚐地道河內美食，是認識越南文化的絕佳一日行程！\r\n\r\n📅 第1天（河內市區探索）\r\n🕘 08:00｜飯店接送，開始文化探索\r\n從河內飯店出發，專車接送與導遊會合，展開一天的首都文化之旅。\r\n\r\n🏯 08:30｜文廟：越南最古老的大學\r\n參觀始建於公元1070年的文廟，這裡是紀念孔子與教育的聖地，園內滿布古樹與傳統建築，是了解越南儒學文化的最佳場所。\r\n\r\n📜 10:00｜胡志明陵寢與主席府區域\r\n參觀越南國父胡志明的陵寢外觀（視開放時間），接著步行前往胡志明故居、主席府、獨柱寺，認識這位備受愛戴的領袖生平與歷史。\r\n\r\n🏙️ 11:30｜36古街：舊城區漫步\r\n漫步於熱鬧的 36 古街，欣賞融合法式與越式風情的建築群。這裡商店林立、街邊攤販熱鬧，是感受老河內活力與市井文化的地方。\r\n\r\n🍜 12:30｜享用地道越式午餐\r\n在當地特色餐館享用正宗越南料理，如河內牛肉河粉、越式春捲，搭配新鮮熱湯與甜點，體驗地道飲食文化。\r\n\r\n🕌 14:00｜鎮國寺：河畔的千年古剎\r\n造訪座落於西湖之上的鎮國寺，這座歷史超過1400年的佛寺是河內最古老的佛教聖地，環境清幽，是冥想與攝影的好去處。\r\n\r\n🖼️ 15:00｜越南民族學博物館（或軍事歷史博物館）\r\n視當天安排參觀其中一間博物館，深入了解越南54個民族的文化多樣性，或是探索越戰歷史與相關展品。\r\n\r\n🎭 16:30｜還劍湖自由漫步＋可選水上木偶戲（自費）\r\n最後來到市中心的還劍湖，可選擇觀賞傳統的越南水上木偶戲（如開演時間允許），或在湖畔咖啡館享受午後時光。\r\n\r\n🚐 17:30｜返回飯店，行程結束\r\n專車接送返回原住宿地點，結束充實的一天。', 950, 26, 1, '2025-03-21 00:00:00', '2025-07-19 00:00:00', 154, '2025-03-20 00:00:00', NULL, '2025-03-16 00:00:00', '2025-03-18 00:00:00', 1),
(12, '【靈山之旅】香水寶塔遊船一日遊｜河內出發｜心靈洗滌之旅', 1, 1, 1, 1, '從您在河內的住宿出發，在一日遊中探索香水塔建築群。搭乘竹船順顏溪而下到達寶塔山腳下，參觀香地洞。', '沉浸於寧靜山水與宗教信仰交織的香水寶塔之旅。這條從河內出發的一日路線，結合划船、健行與參拜，是一趟身心靈的洗滌之旅，也是深入了解越南佛教文化的機會。🌿⛩️\r\n\r\n📅 第1天（香水寶塔一日探索）\r\n🕘 07:30｜飯店接送，前往香山地區\r\n從河內市區搭乘巴士出發，約兩小時車程前往位於河內西南方約60公里的「香山風景區」。\r\n\r\n🚣 09:30｜搭乘竹製小舟，順顏溪前行\r\n在當地碼頭換乘傳統竹船，順著顏溪靜靜滑行。兩岸風景如畫，翠綠群山倒映水中，是攝影與沉靜欣賞自然的好時機。\r\n\r\n⛩️ 10:30｜參觀天廟（Den Trinh）\r\n靠岸後首先參觀「天廟」，是香山景區的第一座建築，也是進入寶塔群的起點，象徵著旅程的開端與心靈的淨化。\r\n\r\n🥾 11:00｜健行前往香地洞寶塔（Huong Tich Cave Pagoda）\r\n沿著山道健行約1小時，可選擇步行或付費搭乘纜車上山。沿途山林環繞，空氣清新，是與大自然親密接觸的體驗。\r\n\r\n🕍 12:00｜香地洞寶塔參拜\r\n抵達香水寶塔最核心的香地洞，這座坐落在天然鐘乳石洞內的佛塔，被譽為「北越第一洞」，洞內供奉觀音佛像、香火鼎盛。洞中涼爽寧靜，佛音繚繞，是洗滌內心雜念的聖地。\r\n\r\n🍴 13:00｜享用當地特色午餐\r\n返回山下餐廳享用越南家常午餐，包含炒河粉、蔬菜、滷肉及水果甜點，簡單但美味。\r\n\r\n📸 14:30｜自由活動與拍照時光\r\n餐後可於溪邊或天廟周邊自由活動，拍攝風景、採買紀念品，或靜靜感受佛教聖地的祥和氛圍。\r\n\r\n🚐 15:30｜返回河內市區\r\n集合上車，沿原路返回河內，途中小歇。\r\n\r\n🏠 17:30｜抵達飯店，結束靈山之旅\r\n回到河內住宿，為這趟心靈洗滌的香山寶塔之旅劃下完美句點。', 1000, 27, 1, '2025-03-21 00:00:00', '2025-07-13 00:00:00', 109, '2025-03-14 00:00:00', NULL, '2025-03-11 00:00:00', NULL, 1),
(13, '【吉普車深度體驗】會安當地生活文化＋在地美食探索之旅', 1, 1, 2, 7, '會安吉普車之旅:鄉村生活、稻田、工藝品、當地美食。真實的越南探險。', '搭上復古軍用吉普車，展開一場穿越會安鄉村的深度之旅。從綠油油的稻田、傳統工藝村落，到品嚐地道小吃，這是一次結合自然、人文與美食的真實越南探索。🌾🍜\r\n\r\n📅 第1天（會安文化＋美食探索一日遊）\r\n🕘 08:00｜飯店接駁，出發探索\r\n專車接送後，換乘經典敞篷吉普車，正式啟程！迎著微風穿越寧靜村落，享受慢活節奏的美好開場。\r\n\r\n🌾 08:30｜漫遊稻田與鄉間小道\r\n穿梭於綠意盎然的稻田間，導遊將介紹會安農村生活的演變與現況，途中可與當地農夫互動，體驗插秧或灌溉。\r\n\r\n🎨 09:30｜造訪傳統工藝村：竹編＆陶藝示範\r\n來到傳統工藝村，參觀竹編工坊與陶藝工作室，親手試作竹籃或小陶壺，感受代代相傳的職人精神。\r\n\r\n🛶 10:30｜體驗圓籃船（Thung Chai）划行之樂\r\n前往椰林小溪，搭乘越南特色圓籃船，在當地漁夫指導下學習划行技巧，並體驗「轉圈秀」的樂趣與驚呼。\r\n\r\n🍴 12:00｜在地料理午餐體驗\r\n來到鄉村家庭餐廳，享用會安特色料理，如高樓麵（Cao Lau）、白玫瑰水餃與新鮮草本飲品。每道菜皆採當地食材烹調，風味純樸卻讓人回味無窮。\r\n\r\n📸 13:30｜鄉村景點自由拍照時光\r\n飯後可漫步於村內，拍攝小橋流水、古厝與鄉民生活日常，也可向導遊請教在地故事，感受濃厚人情味。\r\n\r\n🛻 14:30｜吉普車環繞返回市區\r\n在午後陽光下，搭乘吉普車繞經不同鄉道與景觀路線，沿途享受會安鄉間風光與微風拂面。\r\n\r\n🏠 15:30｜返回飯店，結束豐富旅程\r\n抵達會安住宿地，結束精彩又溫馨的文化探索日。', 1350, 17, 1, '2025-07-18 00:00:00', '2025-08-15 00:00:00', 222, '2025-07-11 00:00:00', NULL, '2025-07-06 00:00:00', NULL, 1),
(14, '【浪漫海上日落】富國島夕陽巡航＋夜釣魷魚趣味體驗', 1, 1, 4, 14, '沉浸在越南富國島令人讚嘆不已的日落中，在星空下體驗夜釣魷魚。通過 預訂，用自己的方式探索富國島！', '富國島不只白天美如畫，夜晚同樣精彩！這趟行程帶您乘船迎接絢爛日落，品嚐海上晚餐，並體驗趣味滿點的夜釣魷魚。浪漫與冒險兼具，是情侶、朋友、家庭都適合的海上活動！🎣✨\r\n\r\n📅 第1天（富國島海上夕陽＋夜釣體驗）\r\n🕓 15:00｜飯店接駁，前往碼頭集合\r\n專車至您下榻的飯店接送，前往富國島南部指定碼頭，開始今日的海上之旅。\r\n\r\n🛥️ 15:30｜啟航，展開巡航旅程\r\n搭上舒適的觀光船，航向富國島外圍海域。隨著海風輕拂，導遊將為您介紹本地的自然與人文風貌。\r\n\r\n📸 16:30｜拍攝夕陽絕景，享受船上點心\r\n太陽逐漸西下，海面染上金橙色。船上將供應簡單的點心與飲品，讓您在夕陽下盡情放鬆、拍照打卡。\r\n\r\n🍽️ 17:30｜享用船上海鮮風味晚餐\r\n品嚐當地現撈的海鮮料理，餐點包含炸魷魚、燒烤蝦、越南炒飯與當季水果，搭配飲品一同享用，海上晚餐氣氛滿分！\r\n\r\n🎣 18:30｜夜釣魷魚體驗開場\r\n在漁夫與導遊協助下，開始夜釣魷魚體驗。您將學習使用燈光吸引魷魚的方法，並可實際操作釣具，是趣味與挑戰並存的體驗。\r\n\r\n🦑 19:30｜收穫時光＆互動交流\r\n若幸運釣到魷魚，將可立即體驗簡單料理方式（視當天狀況而定）。可與其他旅客交流分享，氣氛熱絡。\r\n\r\n🛳️ 20:00｜返回碼頭，送返飯店\r\n結束愉快的一日海上體驗，專車將您送回飯店，夜色中回味這段浪漫又難忘的富國島之夜。', 1600, 14, 1, '2025-04-25 00:00:00', '2025-07-18 00:00:00', 718, '2025-04-16 00:00:00', NULL, '2025-04-11 00:00:00', NULL, 1),
(15, '【打卡熱點全收錄】巴拿山金橋天空步道全日遊｜景觀纜車含餐', 1, 1, 2, 6, '全天探索巴拿山之旅 － 峴港獨特的旅遊目的地。有纜車、豐富多彩的文化節、美食節目和許多其他有趣的事情。', '一日暢遊越南峴港最受歡迎的景點之一 —— 巴拿山！搭乘世界知名纜車登頂，走訪夢幻金橋、法式村莊與靈應寺，還可品嚐當地豐富自助餐🍴。適合家庭、朋友與情侶的經典旅程，打卡熱點一次收錄📸！\r\n\r\n📅 第1天（峴港出發｜巴拿山全日遊）\r\n🕗 08:00｜飯店接駁集合\r\n於峴港市中心指定飯店等候接駁，專車將帶您前往巴拿山山腳，開啟今日的山上探險之旅。\r\n\r\n🚡 09:00｜搭乘世界紀錄纜車登山\r\n乘坐世界最長單線纜車之一，沿途欣賞群山與森林交織的壯麗景色⛰️，一路通往雲霧繚繞的巴拿山頂。\r\n\r\n🌉 09:30｜參觀金橋（Golden Bridge）\r\n來到必拍地標「金橋」，由兩隻巨大石手托起的金色步道，猶如凌空漂浮，讓人彷彿走入童話世界✨。\r\n\r\n🏞️ 10:30｜探索 Le Jardin D’Amour 愛之花園與靈應寺\r\n參觀由九個不同主題花園組成的愛之花園，漫步花海間感受浪漫氛圍。接著造訪靈應寺，體驗寧靜與莊嚴🙏。\r\n\r\n🏰 11:30｜漫遊法國村（French Village）\r\n踏入重現中世紀歐洲風情的法國村，欣賞石板街道、哥德式教堂與歐式建築，絕佳拍照場景不容錯過📷。\r\n\r\n🍽️ 12:30｜享用自助午餐\r\n於山頂指定餐廳享用豐盛自助午餐，菜色融合越南與國際風味，滿足各式口味需求（餐廳視實際安排為主）。\r\n\r\n🎠 13:30｜Fantasy Park 樂園自由玩樂\r\n進入亞洲最大室內遊樂場之一的 Fantasy Park，包含虛擬實境體驗、迷宮、射擊遊戲與遊戲機，適合親子同樂🎮。\r\n\r\n⛲ 15:00｜探索月亮城堡與日蝕廣場（視當天開放情況）\r\n前往最新開放的魔幻主題區域，欣賞融合科技與幻想的建築設計，如有時間可搭乘熔岩列車前往更多奇幻景點。\r\n\r\n📷 16:00｜最後拍照、購買紀念品\r\n在返回前把握最後自由時間，可在山上咖啡廳稍作休息，或購買特色紀念品帶回美好回憶。\r\n\r\n🚡 16:30｜搭乘纜車下山\r\n搭乘纜車緩緩下山，俯瞰峴港城市景觀與綠意盎然的山谷，結束夢幻的一日遊。\r\n\r\n🚌 17:30｜送返飯店，結束行程\r\n專車接送返回原飯店，帶著滿滿美照與回憶，結束這趟打卡景點全收錄的旅程！', 1700, 28, 1, '2025-03-22 00:00:00', '2025-07-17 00:00:00', 699, '2025-03-18 00:00:00', NULL, '2025-03-11 00:00:00', '2025-03-15 00:00:00', 1),
(16, '【峴港尊爵專屬】太陽世界巴拿山私人行程｜金橋＋樂園輕鬆玩', 1, 1, 2, 6, '搭乘專車前往巴拿山，有導遊陪同，可自由安排時間。探索金橋的引人注目的建築，並沉浸在法國村中。', '此趟行程為您安排專車接送與專業導遊全程陪同，輕鬆享受巴拿山的獨特魅力！不僅能悠閒漫步在世界知名的金橋上，更能探索法國村莊、Fantasy Park 樂園與靈應寺的寧靜氛圍⛰️。全日自由彈性安排，無需跟團催促，最適合想要慢活、深度體驗的旅客🌟。\r\n\r\n📅 第1天（私人專屬・峴港出發）\r\n🕗 08:30｜專車接送，出發前往巴拿山\r\n專屬司機準時在飯店接送，舒適專車讓您一路輕鬆直達山腳纜車站。沿途導遊簡介今日行程亮點📍。\r\n\r\n🚡 09:30｜搭乘世界知名纜車登山\r\n乘坐擁有世界紀錄的單線纜車，感受穿越森林與雲海的夢幻旅程⛅，逐漸接近位於山巔的奇幻王國。\r\n\r\n🌉 10:00｜漫步金橋（Golden Bridge）\r\n到達山頂後，首站參觀知名地標「金橋」！由巨大石手撐起的金色長橋，遠眺山谷與雲海，拍照打卡美到不行📸。\r\n\r\n🪷 10:45｜探索 Le Jardin D’Amour 愛之花園 & 靈應寺\r\n走進九個主題花園，沉浸於繽紛花卉與歐式雕像中🌸。接著參拜靈應寺，參觀高達 27 公尺的白玉佛像，體驗身心寧靜。\r\n\r\n🏰 11:30｜法國村自由時間 & 午餐\r\n抵達仿中世紀的法國村，自由拍照、購物與享用午餐（可於指定餐廳享用自助餐，或與導遊討論在地特色料理選項）🍽️。\r\n\r\n🎠 13:00｜Fantasy Park 樂園歡樂時光\r\n在亞洲最大室內遊樂園之一盡情玩樂🎢，包含3D/VR 虛擬體驗、迷宮探險、碰碰車等設施，大人小孩都能找到樂趣！\r\n\r\n🏯 14:30｜探索月亮城堡與日蝕廣場（可選）\r\n若時間允許，可與導遊一同前往新開放區域「日蝕廣場」與「月亮城堡」，感受充滿魔幻與科技元素的設計🏰。\r\n\r\n☕ 15:30｜山上咖啡廳放鬆片刻\r\n找一處高地咖啡廳，點杯越式濾滴咖啡或果汁，俯瞰整個峴港灣與層疊山巒，享受片刻寧靜。\r\n\r\n🚡 16:30｜下山 & 返回峴港飯店\r\n乘坐纜車返回山腳，專車於出口等候接送您回飯店，結束一日尊爵私人旅程🚐。', 1900, 40, 1, '2025-04-25 00:00:00', '2025-08-03 00:00:00', 709, '2025-04-04 00:00:00', NULL, '2025-06-29 00:00:00', NULL, 1),
(17, '【雙地精華探險】古芝地道＋湄公河一日深度體驗｜胡志明出發', 1, 1, 3, 13, '探索古芝地道與湄公河三角洲，深入了解越戰歷史與南越水鄉風情，適合歷史與文化探索者。', '這趟行程結合歷史與文化兩大主軸，一日內走訪越戰時期的重要遺跡「古芝地道」，並深入湄公河三角洲，感受南越熱帶水鄉的生活風情，是認識越南的絕佳起點📚🌴。\r\n\r\n📅 第1天（胡志明市出發）\r\n🕗 07:30｜飯店接送・前往古芝地道\r\n專車接您從胡志明市出發，前往距市區約 60 公里的古芝地道。沿途導遊講解越戰歷史背景，為即將開始的旅程鋪陳氛圍🚐。\r\n\r\n🕘 09:00｜探訪古芝地道遺跡\r\n抵達後，進入這個長達 220 公里的地道網絡🏚️。觀賞地道入口、陷阱、彈藥儲藏室與模擬的地下廚房，還可親自嘗試鑽入窄小地道，體驗士兵生活的艱辛。\r\n\r\n🕦 11:00｜返回胡志明市・午餐時間\r\n返回市區，於在地餐廳享用越南風味午餐🍲，補充體力準備下半日行程。\r\n\r\n🕐 13:00｜出發前往湄公河三角洲（美拖區）\r\n搭車前往湄公河沿岸，踏上熱帶水鄉的探索之旅。景色宜人，處處可見水椰林與傳統木船⛵。\r\n\r\n🕑 14:00｜搭船遊湄公河・造訪當地村落\r\n乘坐手搖小舟穿梭水道，探訪蜂蜜園、椰糖工坊與傳統音樂表演🎶。品嚐熱帶水果、蜂蜜茶，體驗純樸生活。\r\n\r\n🕓 16:00｜返回胡志明市\r\n結束一整天的歷史與文化探索之旅，專車送您返回市區，留下豐富的回憶與故事🚌。', 1400, 17, 1, '2025-03-04 00:00:00', '2025-03-25 00:00:00', 825, '2025-02-25 00:00:00', '2025-03-25 00:00:00', '2025-02-17 00:00:00', '2025-02-18 00:00:00', 1),
(18, '【自然與野趣結合】芹苴紅樹林＋猴島一日遊｜胡志明市往返', 1, 1, 3, 12, '一日走訪芹苴紅樹林與猴島，體驗自然生態與輕冒險路線，是胡志明市出發的熱門探索行程。', '這趟行程融合了自然觀察與輕探險體驗，帶您從胡志明市出發，一日遊覽芹苴紅樹林與猴島。途中將深入紅樹林濕地、與野生猴群互動，感受南越生態之美與原始森林的寧靜🌳🐒。\r\n\r\n📅 第1天（胡志明市出發）\r\n🕗 07:00｜專車接送出發・前往芹苴\r\n從胡志明市搭乘舒適專車出發，約 2.5 小時抵達芹苴紅樹林保護區🚐。沿途導遊將介紹紅樹林生態與在地保育計畫。\r\n\r\n🕘 09:30｜漫步紅樹林生態保護區\r\n走進被濕地環繞的紅樹林步道，觀察獨特植物與水生動物🐾。在木棧道上靜靜聆聽鳥鳴與蟲鳴，享受與自然共處的時光。\r\n\r\n🕚 11:00｜搭船前往猴島\r\n乘船穿越濕地水道，前往著名的猴島（Dao Khi）。這裡棲息著數百隻野生猴子，是旅客拍照與互動的熱點📸🐵。\r\n\r\n🕛 12:00｜在地午餐享用特色河鮮料理\r\n於在地餐廳享用新鮮河魚、椰子飯與當地蔬菜，體驗地道風味美食🍽️。\r\n\r\n🕐 13:30｜自由活動與探索\r\n可選擇租借自行車於島上巡遊，或在涼亭下休憩，遠眺紅樹林與小河，悠閒度過午後時光🚲。\r\n\r\n🕒 15:00｜返回胡志明市\r\n結束自然療癒的一日旅程，專車送您回到胡志明市，為這趟旅程畫下滿足的句點🚌。', 1350, 26, 1, '2025-04-14 00:00:00', '2025-07-09 00:00:00', 92, '2025-03-28 00:00:00', NULL, '2025-06-20 00:00:00', NULL, 1),
(19, '【軍事歷史＋河畔下午茶】古芝地道＋實彈體驗＋水上巴士輕旅', 1, 1, 3, 10, '胡志明必玩雙重體驗，一次滿足，古芝地道世界知名的越戰遺址，距離市區約 75 公里，擁有綿延 250 公里的地下通道。輕鬆搭乘水上巴士，彷彿瞬間漫遊法國塞納河或義大利威尼斯，悠閒享受城市河岸風光與下午茶時光，絕對是旅途中別具特色的一站。', '融合歷史探訪與悠閒景致，一日內完成兩種不同風格的旅遊體驗✨。從胡志明市出發，深入越戰歷史的核心——古芝地道，並透過水上巴士欣賞城市水岸風光，最後享受悠閒的下午茶時光☕。\r\n\r\n📅 第1天（胡志明市出發）\r\n🕗 07:30｜專車接送前往古芝地道\r\n從市區飯店搭乘空調專車出發，約 1.5 小時車程前往古芝地道，導遊沿途講解地道的歷史背景與戰爭故事🚐。\r\n\r\n🕘 09:00｜探訪古芝地道・地底軍事奇蹟\r\n探索這條綿延達 250 公里的地下通道，了解越共軍隊如何在地下生活、藏身與作戰。體驗擠身狹窄地道，感受歷史的真實震撼🔦。\r\n\r\n🕙 10:30｜實彈射擊體驗（自選）\r\n有興趣的旅客可加價體驗射擊 AK47 等步槍，在安全設施內感受真槍後座力與聲響🔥（選擇性體驗，需現場報名）。\r\n\r\n🕛 12:00｜返回市區・搭乘水上巴士\r\n告別古芝後，乘車返回胡志明市水上巴士碼頭，搭乘現代化的河上交通工具，穿越西貢河，彷彿遊覽塞納河或威尼斯運河⛴️。\r\n\r\n🕐 13:30｜河畔咖啡廳享用下午茶\r\n在西貢河畔的咖啡廳停靠片刻，享用風味飲品與甜點。遠離塵囂的午後，伴隨河風與船影，體驗不一樣的胡志明☕🍰。\r\n\r\n🕒 15:00｜返回飯店・行程結束\r\n結束兼具知性與愜意的一日遊行程，由專車送返市區住宿點，留下難忘的回憶🚌。', 8800, 17, 1, '2025-03-10 00:00:00', '2025-04-13 00:00:00', 437, '2025-03-02 00:00:00', '2025-04-13 00:00:00', '2025-02-25 00:00:00', '2025-02-28 00:00:00', 1),
(20, '【奢華雙版本】下龍灣海星六星遊輪｜3天2夜', 1, 2, 1, 2, '下龍灣海星六星遊輪行程提供3 天 2 ，享受豪華旅遊體驗，給你最獨特的旅行！', '下龍灣，世界自然遺產中的瑰寶，這次您將登上海星六星級豪華遊輪展開 3 天 2 夜的夢幻之旅。由河內出發，行程專為外籍旅客設計，途經奇岩怪石、浮動漁村與秘境海灣，結合舒適住宿與精緻料理，打造頂級郵輪假期🌟。\r\n\r\n🛳️ 第1天｜河內 ➤ 下龍灣\r\n🕗 08:00｜飯店接送（河內出發）\r\n於指定時間在河內市區集合，搭乘專車前往下龍灣碼頭，車程約 2.5～3 小時🚌。\r\n\r\n🕛 12:00｜登船手續與歡迎午宴\r\n抵達後辦理登船手續，歡迎飲料與簡介安全須知。開航後立即享用船上主廚準備的海鮮午餐，飽覽海景用餐🍤。\r\n\r\n🕐 14:30｜驚艷天宮洞探險\r\n遊船停靠天宮洞碼頭，登陸探索這座鐘乳石千姿百態的天然洞穴，是下龍灣最著名的觀光地點之一🪨。\r\n\r\n🕓 16:00｜划獨木舟體驗／游泳活動\r\n抵達靜謐水域，旅客可選擇划獨木舟或在潔淨海灣中游泳，享受寧靜與自然的擁抱🚣‍♀️🏊‍♂️。\r\n\r\n🕕 18:00｜日落派對＋手作春捲教學\r\n甲板提供小吃與飲品，與旅伴共賞夕陽美景。主廚示範越式春捲製作，親手體驗樂趣🌅🥢。\r\n\r\n🕗 19:30｜豪華晚宴與自由活動\r\n享用豐富越式晚餐後，可選擇卡拉 OK、夜釣魷魚或躺在甲板上觀星，享受寧靜的夜晚🌃。\r\n\r\n🌄 第2天｜深度巡航與秘境探訪\r\n🕗 06:30｜晨間太極課程與早餐\r\n於甲板體驗太極運動，呼吸清新海風後享用自助式早餐☀️🧘‍♀️。\r\n\r\n🕘 08:00｜前往巴島自然保護區探索\r\n搭乘小船登陸探索巴島，進行輕度徒步登高，俯瞰整個下龍灣奇景⛰️。\r\n\r\n🕛 12:00｜回船午餐與休息時間\r\n返回遊輪享用午餐後可在房間短暫休息或至露天甲板曬太陽放鬆身心☕。\r\n\r\n🕒 15:00｜參觀浮動漁村／珍珠農場\r\n深入下龍灣人文生活面貌，參觀世代生活於水上的漁村與珍珠養殖場，認識當地文化🐚。\r\n\r\n🕔 17:30｜黃昏酒會＋海景合影\r\n日落時刻再次於甲板聚會，攝影師提供旅客拍攝合影服務，留下最美回憶📸。\r\n\r\n🕗 19:00｜主廚晚宴＋燈光船宴\r\n晚餐升級為主廚精選菜色，並於船內觀賞燈光表演或與新朋友交流🥂。\r\n\r\n🌅 第3天｜下龍灣 ➤ 河內\r\n🕗 06:00｜日出欣賞與輕食早餐\r\n早起在甲板欣賞壯麗日出，享用輕食與咖啡🥐🌄。\r\n\r\n🕘 08:00｜退房手續與道別合影\r\n整理行李並辦理退房，與船員合照留念👋。\r\n\r\n🕙 10:30｜返抵下龍碼頭＋回程河內\r\n搭乘接駁車返回河內，結束充實愉快的三天郵輪行程🚌。', 5200, 32, 3, '2025-04-04 00:00:00', '2025-07-14 00:00:00', 363, '2025-03-01 00:00:00', NULL, '2025-06-28 00:00:00', '2025-07-01 00:00:00', 1),
(21, '【3天2夜沙壩秘境探險】貓貓村＋涵龍山深度體驗｜河內出發｜9人座巴士', 1, 2, 1, 3, '走訪貓貓村，探索涵龍山秘境，搭乘 9 人座巴士深入北越高原，感受當地文化與自然之美。', '🚌 第 1 天｜河內出發 → 沙壩探索\r\n07:00 🚐 乘坐 9 人座巴士從河內出發，沿途欣賞壯麗的山景與梯田風光\r\n12:00 🍽️ 抵達沙壩，享用當地特色午餐，補充體力迎接下午探險\r\n14:00 🚶‍♂️ 徒步探索貓貓村，深入少數民族村落，欣賞水車與梯田景色\r\n17:00 🏡 抵達沙壩住宿，入住景觀飯店，稍作休息後自由活動\r\n19:00 🥘 享用晚餐，體驗沙壩的傳統美食\r\n🌄 第 2 天｜涵龍山秘境健行\r\n06:30 🌅 早晨欣賞日出，感受高原清新空氣\r\n08:00 🥞 早餐後出發前往涵龍山，展開深度秘境探險\r\n10:00 ⛰️ 徒步穿越森林，發現隱藏瀑布與迷人風景\r\n12:30 🍛 午餐於山區特色餐廳，品嚐當地料理\r\n14:00 📸 休息並拍照，捕捉沙壩的壯麗景色\r\n17:30 🍲 返回住宿，享受溫暖晚餐\r\n🚙 第 3 天｜返回河內\r\n07:30 🍳 早餐後準備返程\r\n09:00 🚌 乘車返回河內，回顧美好的旅程\r\n14:00 🏙️ 抵達河內，行程結束\r\n\r\n【北越夢幻水上之旅】ATHENA 皇家遊輪｜下龍灣2日1夜\r\n⛵ 第 1 天｜河內 → 下龍灣啟航\r\n08:00 🚐 專車接送，從河內出發前往碼頭\r\n12:00 ⚓ 搭乘ATHENA 皇家遊輪，享受迎賓飲品與午餐\r\n14:00 🏝️ 巡遊下龍灣，欣賞壯麗奇石景觀\r\n15:30 🚣‍♀️ 乘小艇探訪鐘乳石洞，近距離欣賞海蝕地貌\r\n17:30 🌅 登高欣賞夕陽，感受海上寧靜美景\r\n19:00 🍽️ 享用豪華海鮮晚宴，品嚐當地漁獲\r\n20:30 🎶 參加夜間娛樂活動，如卡拉 OK、夜釣魷魚\r\n🌊 第 2 天｜下龍灣探索 → 返回河內\r\n06:00 ☀️ 甲板晨曦瑜伽，迎接美好一天\r\n07:30 🍳 早餐後前往珍珠島，漫步白沙海灘\r\n10:00 🚣‍♂️ 乘竹筏遊覽浮村，探索當地漁民生活\r\n11:30 🍽️ 午餐後啟程返回碼頭\r\n14:00 🚐 專車送返河內，行程圓滿結束\r\n\r\n我會繼續為其餘三筆行程生成詳細的安排！如果有想調整的地方，請隨時告訴我 😃', 2100, 47, 3, '2025-06-18 18:26:00', '2025-09-03 18:26:00', 818, '2025-06-16 18:26:00', NULL, '2025-06-15 18:26:00', '2025-06-16 18:26:00', 1),
(22, '【北越夢幻水上之旅】ATHENA 皇家遊輪｜下龍灣2日1夜', 1, 2, 1, 2, '乘坐 ATHENA 皇家遊輪，展開下龍灣 2 日 1 夜的壯麗之旅，享受奢華設施與無敵海景。', '⛵ 第 1 天｜河內 → 下龍灣啟航\r\n08:00 🚐 專車接送，從河內出發前往碼頭\r\n12:00 ⚓ 搭乘ATHENA 皇家遊輪，享受迎賓飲品與午餐\r\n14:00 🏝️ 巡遊下龍灣，欣賞壯麗奇石景觀\r\n15:30 🚣‍♀️ 乘小艇探訪鐘乳石洞，近距離欣賞海蝕地貌\r\n17:30 🌅 登高欣賞夕陽，感受海上寧靜美景\r\n19:00 🍽️ 享用豪華海鮮晚宴，品嚐當地漁獲\r\n20:30 🎶 參加夜間娛樂活動，如卡拉 OK、夜釣魷魚\r\n🌊 第 2 天｜下龍灣探索 → 返回河內\r\n06:00 ☀️ 甲板晨曦瑜伽，迎接美好一天\r\n07:30 🍳 早餐後前往珍珠島，漫步白沙海灘\r\n10:00 🚣‍♂️ 乘竹筏遊覽浮村，探索當地漁民生活\r\n11:30 🍽️ 午餐後啟程返回碼頭\r\n14:00 🚐 專車送返河內，行程圓滿結束\r\n\r\n我會繼續為其餘三筆行程生成詳細的安排！如果有想調整的地方，請隨時告訴我 😃', 5600, 23, 2, '2025-06-15 18:26:00', '2025-07-25 18:26:00', 1072, '2025-06-13 18:26:00', NULL, '2025-06-11 18:26:00', '2025-06-14 18:26:00', 1),
(23, '【北越5日暢遊團】趣味體驗全收錄｜團體包吃包玩', 1, 2, 1, 1, '精心規劃 5 天行程，包吃包玩，體驗越南北部精華景點，適合喜愛豐富旅程的遊客。', '🌍 第 1 天｜河內市區探索\r\n08:00 🚐 專車接送，前往河內老城區\r\n09:30 🏛️ 探索還劍湖與 36 古街，體驗熱鬧的市集文化\r\n12:00 🍽️ 享用越南風味午餐，品嚐河粉與春捲\r\n14:00 🏯 參觀文廟與胡志明陵寢，深入了解越南歷史\r\n17:00 🛍️ 自由探索當地夜市，購買特色紀念品\r\n19:00 🍲 晚餐後返回飯店休息，準備隔天行程\r\n⛰️ 第 2 天｜寧平探險 → 三谷遊船\r\n07:00 🍳 早餐後出發前往寧平省\r\n10:00 🚣‍♀️ 乘船穿越三谷溼地，欣賞壯麗石灰岩山景\r\n12:30 🍛 午餐於當地餐廳，品嚐山區特色料理\r\n14:00 🏯 參觀白亭寺，感受古老建築之美\r\n17:00 🚐 返回飯店休息，享受寧靜夜晚\r\n🏝️ 第 3~4 天｜下龍灣郵輪之旅\r\n08:00 🚐 專車前往碼頭，登船展開海上旅程\r\n12:00 ⛵ 乘坐豪華郵輪巡遊下龍灣，欣賞壯麗奇石\r\n15:00 🏝️ 參觀鐘乳石洞與秘境沙灘，探索獨特景觀\r\n18:30 🍽️ 享用海鮮晚宴，品嚐新鮮漁獲\r\n20:00 🎶 參加夜間娛樂活動，體驗船上悠閒時光\r\n翌日晨間欣賞海上日出，體驗竹筏漁村文化\r\n🏙️ 第 5 天｜胡志明市街區巡禮\r\n07:00 🍳 早餐後搭機前往胡志明市\r\n10:00 🏛️ 探訪戰爭遺跡博物館與西貢中央郵局\r\n12:00 🍲 享用南越特色料理，品嚐法棍三明治\r\n14:00 🌆 探索粉紅教堂與街頭咖啡文化\r\n16:00 🚐 返回飯店，旅程圓滿結束\r\n\r\n【沙壩高原奇遇記】夜臥火車＋貓貓村健行＋番西邦山頂｜2天1夜\r\n🚆 第 1 天｜夜臥火車 → 沙壩探索\r\n21:00 🚉 乘坐夜臥火車前往沙壩，享受舒適睡眠旅程\r\n🌄 第 2 天｜貓貓村健行＋番西邦登頂\r\n06:30 🌅 抵達沙壩，享受晨間梯田景色\r\n08:00 🥞 早餐後前往貓貓村，體驗少數民族文化\r\n10:00 🚶‍♂️ 徒步穿越山谷，感受自然與傳統交融\r\n12:30 🍛 山區午餐，品嚐當地特色料理\r\n14:00 ⛰️ 挑戰番西邦山頂，乘纜車抵達越南最高點\r\n17:00 📸 俯瞰壯麗景色，拍攝高原美景\r\n19:00 🍲 晚餐於山區餐廳，回味一天精彩旅程\r\n🚙 第 3 天｜返回河內\r\n07:30 🍳 享用早餐，準備返回河內\r\n09:00 🚌 專車送返市區，回顧美好旅程\r\n14:00 🏙️ 抵達河內，行程圓滿結束\r\n\r\n【沙壩輕鬆3日】早班巴士出發｜入住景觀飯店｜河內出發\r\n🚌 第 1 天｜河內 → 沙壩\r\n07:00 🚐 搭乘早班巴士前往沙壩，欣賞沿途山林美景\r\n12:00 🍽️ 午餐後入住景觀飯店，享受舒適環境\r\n14:00 🚶‍♂️ 探索沙壩市區，走訪當地市場與特色咖啡館\r\n17:00 🌅 夕陽美景欣賞，感受高原寧靜氛圍\r\n19:00 🍲 晚餐於飯店，享用當地特色料理\r\n🌄 第 2 天｜沙壩周邊景點巡禮\r\n07:00 🍳 早餐後出發前往梯田景觀區\r\n09:00 🚣‍♀️ 漫步山間小徑，探索秘境瀑布\r\n12:30 🍛 午餐於當地餐廳，品嚐手工料理\r\n15:00 ⛰️ 悠閒享受戶外活動，如騎行或攝影\r\n18:00 🍽️ 返回飯店，享受溫暖晚餐\r\n🚙 第 3 天｜返回河內\r\n08:00 🍳 早餐後準備返程\r\n09:30 🚌 專車送返河內，回顧美好旅程\r\n14:00 🏙️ 抵達河內，行程結束\r\n\r\n這樣的行程安排清楚易讀，也充滿吸引力！如果有任何調整需求，請隨時告訴我哦 😃', 1500, 35, 5, '2025-06-18 18:26:00', '2025-08-17 18:26:00', 581, '2025-06-17 18:26:00', NULL, '2025-06-13 18:26:00', '2025-06-16 18:26:00', 1),
(24, '【沙壩高原奇遇記】夜臥火車＋貓貓村健行＋番西邦山頂｜2天1夜', 1, 2, 1, 3, '乘坐夜臥火車抵達沙壩，徒步探索貓貓村，挑戰番西邦山頂，體驗高原的迷人風光。', '🚆 第 1 天｜夜臥火車 → 沙壩探索\r\n21:00 🚉 乘坐夜臥火車前往沙壩，享受舒適睡眠旅程\r\n🌄 第 2 天｜貓貓村健行＋番西邦登頂\r\n06:30 🌅 抵達沙壩，享受晨間梯田景色\r\n08:00 🥞 早餐後前往貓貓村，體驗少數民族文化\r\n10:00 🚶‍♂️ 徒步穿越山谷，感受自然與傳統交融\r\n12:30 🍛 山區午餐，品嚐當地特色料理\r\n14:00 ⛰️ 挑戰番西邦山頂，乘纜車抵達越南最高點\r\n17:00 📸 俯瞰壯麗景色，拍攝高原美景\r\n19:00 🍲 晚餐於山區餐廳，回味一天精彩旅程\r\n🚙 第 3 天｜返回河內\r\n07:30 🍳 享用早餐，準備返回河內\r\n09:00 🚌 專車送返市區，回顧美好旅程\r\n14:00 🏙️ 抵達河內，行程圓滿結束\r\n\r\n【沙壩輕鬆3日】早班巴士出發｜入住景觀飯店｜河內出發\r\n🚌 第 1 天｜河內 → 沙壩\r\n07:00 🚐 搭乘早班巴士前往沙壩，欣賞沿途山林美景\r\n12:00 🍽️ 午餐後入住景觀飯店，享受舒適環境\r\n14:00 🚶‍♂️ 探索沙壩市區，走訪當地市場與特色咖啡館\r\n17:00 🌅 夕陽美景欣賞，感受高原寧靜氛圍\r\n19:00 🍲 晚餐於飯店，享用當地特色料理\r\n🌄 第 2 天｜沙壩周邊景點巡禮\r\n07:00 🍳 早餐後出發前往梯田景觀區\r\n09:00 🚣‍♀️ 漫步山間小徑，探索秘境瀑布\r\n12:30 🍛 午餐於當地餐廳，品嚐手工料理\r\n15:00 ⛰️ 悠閒享受戶外活動，如騎行或攝影\r\n18:00 🍽️ 返回飯店，享受溫暖晚餐\r\n🚙 第 3 天｜返回河內\r\n08:00 🍳 早餐後準備返程\r\n09:30 🚌 專車送返河內，回顧美好旅程\r\n14:00 🏙️ 抵達河內，行程結束\r\n\r\n這樣的行程安排清楚易讀，也充滿吸引力！如果有任何調整需求，請隨時告訴我哦 😃', 2300, 42, 2, '2025-06-17 18:26:00', '2025-09-08 18:26:00', 946, '2025-06-14 18:26:00', NULL, '2025-06-12 18:26:00', '2025-06-15 18:26:00', 1),
(25, '【沙壩輕鬆3日】早班巴士出發｜入住景觀飯店｜河內出發', 1, 2, 1, 3, '搭乘早班巴士前往沙壩，入住景觀飯店，放慢步調，享受舒適的高原假期。', '🚌 第 1 天｜河內 → 沙壩\r\n07:00 🚐 搭乘早班巴士前往沙壩，欣賞沿途山林美景\r\n12:00 🍽️ 午餐後入住景觀飯店，享受舒適環境\r\n14:00 🚶‍♂️ 探索沙壩市區，走訪當地市場與特色咖啡館\r\n17:00 🌅 夕陽美景欣賞，感受高原寧靜氛圍\r\n19:00 🍲 晚餐於飯店，享用當地特色料理\r\n🌄 第 2 天｜沙壩周邊景點巡禮\r\n07:00 🍳 早餐後出發前往梯田景觀區\r\n09:00 🚣‍♀️ 漫步山間小徑，探索秘境瀑布\r\n12:30 🍛 午餐於當地餐廳，品嚐手工料理\r\n15:00 ⛰️ 悠閒享受戶外活動，如騎行或攝影\r\n18:00 🍽️ 返回飯店，享受溫暖晚餐\r\n🚙 第 3 天｜返回河內\r\n08:00 🍳 早餐後準備返程\r\n09:30 🚌 專車送返河內，回顧美好旅程\r\n14:00 🏙️ 抵達河內，行程結束\r\n\r\n這樣的行程安排清楚易讀，也充滿吸引力！如果有任何調整需求，請隨時告訴我哦 😃', 2500, 23, 3, '2025-06-17 18:26:00', '2025-09-15 18:26:00', 1373, '2025-06-14 18:26:00', NULL, '2025-06-10 18:26:00', '2025-06-13 18:26:00', 1),
(26, '【沙壩深度體驗】2天1夜徒步貓貓村＋在地生活體驗', 1, 2, 1, 3, '2 天 1 夜徒步貓貓村，體驗當地文化與生活，感受北越的純樸與自然。', '🚶‍♂️ 第 1 天｜徒步探索貓貓村\r\n07:00 🚐 從河內出發，搭乘巴士前往沙壩\r\n12:00 🍛 享用地道午餐，準備展開徒步探索\r\n14:00 🏡 深入貓貓村，走訪少數民族村落，了解當地生活方式\r\n17:00 🌄 欣賞高原夕陽，感受寧靜氛圍\r\n19:00 🍲 晚餐與當地居民共食，體驗真正的越北生活\r\n🌾 第 2 天｜田園漫步 → 返回河內\r\n07:00 🍳 早餐後出發，徒步前往梯田區\r\n09:00 🌿 觀察農耕活動，體驗當地文化\r\n12:00 🚐 乘車返回河內，結束難忘旅程\r\n\r\n【木江界夢幻山城3天2夜】Le Champ Tu Le 雲端秘境之旅\r\n🏔️ 第 1 天｜河內 → 木江界山城\r\n08:00 🚐 專車前往木江界，途經壯麗山景\r\n12:30 🍛 午餐後入住Le Champ Tu Le度假村\r\n15:00 🏕️ 享受溫泉、泳池、山景環繞的寧靜環境\r\n18:00 🍽️ 晚餐於飯店餐廳，品嚐美味料理\r\n🌄 第 2 天｜高山健行與秘境探訪\r\n07:30 🥞 早餐後前往山區健行\r\n09:30 ⛰️ 探索隱秘瀑布與深山景觀\r\n12:00 🥘 午餐於當地餐廳，品味特色佳餚\r\n14:00 🚐 返回度假村，享受放鬆時光\r\n🚙 第 3 天｜回程 → 河內\r\n08:00 🍳 享用早餐，準備返回河內\r\n14:00 🏙️ 抵達市區，行程圓滿結束\r\n\r\n【沙壩2天2夜全覽】火車＋Cat Cat 村＋番西邦登頂健行\r\n🚆 第 1 天｜夜臥火車前往沙壩\r\n22:00 🚉 搭乘夜臥火車前往沙壩，享受車廂舒適旅程\r\n🏞️ 第 2 天｜貓貓村與健行探險\r\n07:00 🍽️ 抵達沙壩，享用早餐後開始探訪Cat Cat 村\r\n10:00 🚶‍♂️ 健行穿越梯田與山谷，欣賞壯麗景色\r\n12:30 🍲 午餐於當地餐廳，補充體力\r\n15:00 🏔️ 挑戰番西邦山登頂，感受越南最高峰之美\r\n19:00 🍽️ 享受晚餐，休息準備返程\r\n🚙 第 3 天｜返回河內\r\n08:00 🍳 早餐後搭乘火車返程，下午抵達河內\r\n\r\n【沙壩北河市集行程】2天1夜｜每週六出發｜民族文化體驗\r\n🛍️ 第 1 天｜北河市集探索\r\n06:00 🚐 從河內出發，沿途欣賞北部山區美景\r\n09:30 🏡 抵達北河市集，深入民族文化，選購特色手工藝品\r\n12:00 🍽️ 享用少數民族風味料理\r\n14:00 📸 市集自由活動，拍攝當地特色景觀\r\n17:30 🚐 返回沙壩市區，入住特色民宿\r\n🌄 第 2 天｜梯田巡禮 → 返回河內\r\n07:00 🍳 早餐後探索北河周邊美景\r\n10:30 🏔️ 徒步欣賞梯田景色\r\n12:00 🚐 搭車返回河內，午後抵達市區\r\n\r\n【下龍灣Stellar豪華遊輪】2天1夜尊榮行程\r\n⚓ 第 1 天｜河內 → 下龍灣啟航\r\n08:00 🚐 乘車前往碼頭，準備登船\r\n12:00 🍹 迎賓飲品與午餐，展開巡遊之旅\r\n14:30 🏝️ 探訪奇石與鐘乳石洞，體驗海上奇景\r\n17:00 🌅 欣賞絕美海上夕陽\r\n19:00 🍽️ 豪華海鮮晚宴，夜間娛樂活動\r\n🌊 第 2 天｜海上探索 → 返回河內\r\n07:00 🍳 早餐後乘船漫遊，探索浮村文化\r\n10:00 🚣‍♂️ 竹筏遊覽清幽海灣\r\n12:00 🚐 乘車返回河內，行程圓滿結束\r\n\r\n【經典沙壩之旅】Cat Cat 村＋番西邦纜車｜2天1夜全包行程\r\n🚐 第 1 天｜沙壩探索\r\n07:00 🍽️ 早餐後從河內出發\r\n12:00 🚶‍♂️ 參觀Cat Cat 村，欣賞少數民族文化與梯田景觀\r\n15:00 ⛰️ 搭乘纜車登頂番西邦山，俯瞰北越美景\r\n19:00 🍲 享用當地特色晚餐，放鬆休息\r\n🌄 第 2 天｜自由行 → 返回河內\r\n07:30 🍳 早餐後自由探索沙壩市區\r\n10:30 🚐 乘車返回河內，午後抵達市區\r\n\r\n【寧平冒險之旅】河內出發｜2天1夜騎行與河谷探索\r\n🚴 第 1 天｜騎行探索白亭山水\r\n07:00 🚐 專車前往寧平，準備展開騎行\r\n10:00 🚴‍♂️ 穿越壯麗河谷，欣賞石灰岩奇景\r\n12:00 🍛 午餐於當地小吃攤\r\n14:00 🏯 參觀古寺與秘境景觀\r\n🌄 第 2 天｜山水遊船 → 返回河內\r\n08:00 🚣‍♀️ 乘船探索三谷溼地\r\n11:30 🍽️ 午餐後返回河內，行程結束\r\n\r\n【越南攝影旅人路線】3天攝影之旅｜山水建築全記錄\r\n📸 第 1~3 天｜捕捉越南風景\r\n探索山水、梯田、古寺與特色建築，專業導覽帶領拍攝最佳景點\r\n\r\n這些行程完整規劃，不中斷且方便複製使用！如果有任何需要微調的地方，請讓我知道哦 😃', 2600, 23, 2, '2025-06-20 18:26:00', '2025-09-16 18:26:00', 740, '2025-06-18 18:26:00', NULL, '2025-06-13 18:26:00', '2025-06-16 18:26:00', 1),
(27, '【木江界夢幻山城3天2夜】Le Champ Tu Le 雲端秘境之旅', 1, 2, 1, 1, '前往 Le Champ Tu Le 度假村，享受雲端美景與溫泉，徜徉於靜謐山城之中。', '🏔️ 第 1 天｜河內 → 木江界山城\r\n08:00 🚐 專車前往木江界，途經壯麗山景\r\n12:30 🍛 午餐後入住Le Champ Tu Le度假村\r\n15:00 🏕️ 享受溫泉、泳池、山景環繞的寧靜環境\r\n18:00 🍽️ 晚餐於飯店餐廳，品嚐美味料理\r\n🌄 第 2 天｜高山健行與秘境探訪\r\n07:30 🥞 早餐後前往山區健行\r\n09:30 ⛰️ 探索隱秘瀑布與深山景觀\r\n12:00 🥘 午餐於當地餐廳，品味特色佳餚\r\n14:00 🚐 返回度假村，享受放鬆時光\r\n🚙 第 3 天｜回程 → 河內\r\n08:00 🍳 享用早餐，準備返回河內\r\n14:00 🏙️ 抵達市區，行程圓滿結束\r\n\r\n【沙壩2天2夜全覽】火車＋Cat Cat 村＋番西邦登頂健行\r\n🚆 第 1 天｜夜臥火車前往沙壩\r\n22:00 🚉 搭乘夜臥火車前往沙壩，享受車廂舒適旅程\r\n🏞️ 第 2 天｜貓貓村與健行探險\r\n07:00 🍽️ 抵達沙壩，享用早餐後開始探訪Cat Cat 村\r\n10:00 🚶‍♂️ 健行穿越梯田與山谷，欣賞壯麗景色\r\n12:30 🍲 午餐於當地餐廳，補充體力\r\n15:00 🏔️ 挑戰番西邦山登頂，感受越南最高峰之美\r\n19:00 🍽️ 享受晚餐，休息準備返程\r\n🚙 第 3 天｜返回河內\r\n08:00 🍳 早餐後搭乘火車返程，下午抵達河內\r\n\r\n【沙壩北河市集行程】2天1夜｜每週六出發｜民族文化體驗\r\n🛍️ 第 1 天｜北河市集探索\r\n06:00 🚐 從河內出發，沿途欣賞北部山區美景\r\n09:30 🏡 抵達北河市集，深入民族文化，選購特色手工藝品\r\n12:00 🍽️ 享用少數民族風味料理\r\n14:00 📸 市集自由活動，拍攝當地特色景觀\r\n17:30 🚐 返回沙壩市區，入住特色民宿\r\n🌄 第 2 天｜梯田巡禮 → 返回河內\r\n07:00 🍳 早餐後探索北河周邊美景\r\n10:30 🏔️ 徒步欣賞梯田景色\r\n12:00 🚐 搭車返回河內，午後抵達市區\r\n\r\n【下龍灣Stellar豪華遊輪】2天1夜尊榮行程\r\n⚓ 第 1 天｜河內 → 下龍灣啟航\r\n08:00 🚐 乘車前往碼頭，準備登船\r\n12:00 🍹 迎賓飲品與午餐，展開巡遊之旅\r\n14:30 🏝️ 探訪奇石與鐘乳石洞，體驗海上奇景\r\n17:00 🌅 欣賞絕美海上夕陽\r\n19:00 🍽️ 豪華海鮮晚宴，夜間娛樂活動\r\n🌊 第 2 天｜海上探索 → 返回河內\r\n07:00 🍳 早餐後乘船漫遊，探索浮村文化\r\n10:00 🚣‍♂️ 竹筏遊覽清幽海灣\r\n12:00 🚐 乘車返回河內，行程圓滿結束\r\n\r\n【經典沙壩之旅】Cat Cat 村＋番西邦纜車｜2天1夜全包行程\r\n🚐 第 1 天｜沙壩探索\r\n07:00 🍽️ 早餐後從河內出發\r\n12:00 🚶‍♂️ 參觀Cat Cat 村，欣賞少數民族文化與梯田景觀\r\n15:00 ⛰️ 搭乘纜車登頂番西邦山，俯瞰北越美景\r\n19:00 🍲 享用當地特色晚餐，放鬆休息\r\n🌄 第 2 天｜自由行 → 返回河內\r\n07:30 🍳 早餐後自由探索沙壩市區\r\n10:30 🚐 乘車返回河內，午後抵達市區\r\n\r\n【寧平冒險之旅】河內出發｜2天1夜騎行與河谷探索\r\n🚴 第 1 天｜騎行探索白亭山水\r\n07:00 🚐 專車前往寧平，準備展開騎行\r\n10:00 🚴‍♂️ 穿越壯麗河谷，欣賞石灰岩奇景\r\n12:00 🍛 午餐於當地小吃攤\r\n14:00 🏯 參觀古寺與秘境景觀\r\n🌄 第 2 天｜山水遊船 → 返回河內\r\n08:00 🚣‍♀️ 乘船探索三谷溼地\r\n11:30 🍽️ 午餐後返回河內，行程結束\r\n\r\n【越南攝影旅人路線】3天攝影之旅｜山水建築全記錄\r\n📸 第 1~3 天｜捕捉越南風景\r\n探索山水、梯田、古寺與特色建築，專業導覽帶領拍攝最佳景點\r\n\r\n這些行程完整規劃，不中斷且方便複製使用！如果有任何需要微調的地方，請讓我知道哦 😃', 2500, 45, 3, '2025-04-05 18:26:00', '2025-06-25 18:26:00', 656, '2025-04-04 18:26:00', NULL, '2025-03-31 18:26:00', '2025-04-03 18:26:00', 1),
(28, '【沙壩2天2夜全覽】火車＋Cat Cat 村＋番西邦登頂健行', 1, 2, 1, 3, '搭乘火車進入沙壩，探訪 Cat Cat 村，挑戰番西邦山頂健行，感受壯麗山景。', '🚆 第 1 天｜夜臥火車前往沙壩\r\n22:00 🚉 搭乘夜臥火車前往沙壩，享受車廂舒適旅程\r\n🏞️ 第 2 天｜貓貓村與健行探險\r\n07:00 🍽️ 抵達沙壩，享用早餐後開始探訪Cat Cat 村\r\n10:00 🚶‍♂️ 健行穿越梯田與山谷，欣賞壯麗景色\r\n12:30 🍲 午餐於當地餐廳，補充體力\r\n15:00 🏔️ 挑戰番西邦山登頂，感受越南最高峰之美\r\n19:00 🍽️ 享受晚餐，休息準備返程\r\n🚙 第 3 天｜返回河內\r\n08:00 🍳 早餐後搭乘火車返程，下午抵達河內\r\n\r\n【沙壩北河市集行程】2天1夜｜每週六出發｜民族文化體驗\r\n🛍️ 第 1 天｜北河市集探索\r\n06:00 🚐 從河內出發，沿途欣賞北部山區美景\r\n09:30 🏡 抵達北河市集，深入民族文化，選購特色手工藝品\r\n12:00 🍽️ 享用少數民族風味料理\r\n14:00 📸 市集自由活動，拍攝當地特色景觀\r\n17:30 🚐 返回沙壩市區，入住特色民宿\r\n🌄 第 2 天｜梯田巡禮 → 返回河內\r\n07:00 🍳 早餐後探索北河周邊美景\r\n10:30 🏔️ 徒步欣賞梯田景色\r\n12:00 🚐 搭車返回河內，午後抵達市區\r\n\r\n【下龍灣Stellar豪華遊輪】2天1夜尊榮行程\r\n⚓ 第 1 天｜河內 → 下龍灣啟航\r\n08:00 🚐 乘車前往碼頭，準備登船\r\n12:00 🍹 迎賓飲品與午餐，展開巡遊之旅\r\n14:30 🏝️ 探訪奇石與鐘乳石洞，體驗海上奇景\r\n17:00 🌅 欣賞絕美海上夕陽\r\n19:00 🍽️ 豪華海鮮晚宴，夜間娛樂活動\r\n🌊 第 2 天｜海上探索 → 返回河內\r\n07:00 🍳 早餐後乘船漫遊，探索浮村文化\r\n10:00 🚣‍♂️ 竹筏遊覽清幽海灣\r\n12:00 🚐 乘車返回河內，行程圓滿結束\r\n\r\n【經典沙壩之旅】Cat Cat 村＋番西邦纜車｜2天1夜全包行程\r\n🚐 第 1 天｜沙壩探索\r\n07:00 🍽️ 早餐後從河內出發\r\n12:00 🚶‍♂️ 參觀Cat Cat 村，欣賞少數民族文化與梯田景觀\r\n15:00 ⛰️ 搭乘纜車登頂番西邦山，俯瞰北越美景\r\n19:00 🍲 享用當地特色晚餐，放鬆休息\r\n🌄 第 2 天｜自由行 → 返回河內\r\n07:30 🍳 早餐後自由探索沙壩市區\r\n10:30 🚐 乘車返回河內，午後抵達市區\r\n\r\n【寧平冒險之旅】河內出發｜2天1夜騎行與河谷探索\r\n🚴 第 1 天｜騎行探索白亭山水\r\n07:00 🚐 專車前往寧平，準備展開騎行\r\n10:00 🚴‍♂️ 穿越壯麗河谷，欣賞石灰岩奇景\r\n12:00 🍛 午餐於當地小吃攤\r\n14:00 🏯 參觀古寺與秘境景觀\r\n🌄 第 2 天｜山水遊船 → 返回河內\r\n08:00 🚣‍♀️ 乘船探索三谷溼地\r\n11:30 🍽️ 午餐後返回河內，行程結束\r\n\r\n【越南攝影旅人路線】3天攝影之旅｜山水建築全記錄\r\n📸 第 1~3 天｜捕捉越南風景\r\n探索山水、梯田、古寺與特色建築，專業導覽帶領拍攝最佳景點\r\n\r\n這些行程完整規劃，不中斷且方便複製使用！如果有任何需要微調的地方，請讓我知道哦 😃', 3300, 2, 2, '2025-06-18 18:26:00', '2025-08-09 18:26:00', 993, '2025-06-15 18:26:00', NULL, '2025-06-12 18:26:00', NULL, 1),
(29, '【沙壩北河市集行程】2天1夜｜每週六出發｜民族文化體驗', 1, 2, 1, 3, '2 天 1 夜行程，每週六出發，深入北河市集，體驗少數民族文化與生活。', '🛍️ 第 1 天｜北河市集探索\r\n06:00 🚐 從河內出發，沿途欣賞北部山區美景\r\n09:30 🏡 抵達北河市集，深入民族文化，選購特色手工藝品\r\n12:00 🍽️ 享用少數民族風味料理\r\n14:00 📸 市集自由活動，拍攝當地特色景觀\r\n17:30 🚐 返回沙壩市區，入住特色民宿\r\n🌄 第 2 天｜梯田巡禮 → 返回河內\r\n07:00 🍳 早餐後探索北河周邊美景\r\n10:30 🏔️ 徒步欣賞梯田景色\r\n12:00 🚐 搭車返回河內，午後抵達市區\r\n\r\n【下龍灣Stellar豪華遊輪】2天1夜尊榮行程\r\n⚓ 第 1 天｜河內 → 下龍灣啟航\r\n08:00 🚐 乘車前往碼頭，準備登船\r\n12:00 🍹 迎賓飲品與午餐，展開巡遊之旅\r\n14:30 🏝️ 探訪奇石與鐘乳石洞，體驗海上奇景\r\n17:00 🌅 欣賞絕美海上夕陽\r\n19:00 🍽️ 豪華海鮮晚宴，夜間娛樂活動\r\n🌊 第 2 天｜海上探索 → 返回河內\r\n07:00 🍳 早餐後乘船漫遊，探索浮村文化\r\n10:00 🚣‍♂️ 竹筏遊覽清幽海灣\r\n12:00 🚐 乘車返回河內，行程圓滿結束\r\n\r\n【經典沙壩之旅】Cat Cat 村＋番西邦纜車｜2天1夜全包行程\r\n🚐 第 1 天｜沙壩探索\r\n07:00 🍽️ 早餐後從河內出發\r\n12:00 🚶‍♂️ 參觀Cat Cat 村，欣賞少數民族文化與梯田景觀\r\n15:00 ⛰️ 搭乘纜車登頂番西邦山，俯瞰北越美景\r\n19:00 🍲 享用當地特色晚餐，放鬆休息\r\n🌄 第 2 天｜自由行 → 返回河內\r\n07:30 🍳 早餐後自由探索沙壩市區\r\n10:30 🚐 乘車返回河內，午後抵達市區\r\n\r\n【寧平冒險之旅】河內出發｜2天1夜騎行與河谷探索\r\n🚴 第 1 天｜騎行探索白亭山水\r\n07:00 🚐 專車前往寧平，準備展開騎行\r\n10:00 🚴‍♂️ 穿越壯麗河谷，欣賞石灰岩奇景\r\n12:00 🍛 午餐於當地小吃攤\r\n14:00 🏯 參觀古寺與秘境景觀\r\n🌄 第 2 天｜山水遊船 → 返回河內\r\n08:00 🚣‍♀️ 乘船探索三谷溼地\r\n11:30 🍽️ 午餐後返回河內，行程結束\r\n\r\n【越南攝影旅人路線】3天攝影之旅｜山水建築全記錄\r\n📸 第 1~3 天｜捕捉越南風景\r\n探索山水、梯田、古寺與特色建築，專業導覽帶領拍攝最佳景點\r\n\r\n這些行程完整規劃，不中斷且方便複製使用！如果有任何需要微調的地方，請讓我知道哦 😃', 3800, 38, 2, '2025-06-18 18:26:00', '2025-07-25 18:26:00', 219, '2025-06-16 18:26:00', NULL, '2025-06-15 18:26:00', '2025-06-17 18:26:00', 1),
(30, '【下龍灣Stellar豪華遊輪】2天1夜尊榮行程', 1, 2, 1, 2, '搭乘 Stellar 豪華遊輪，展開 2 天 1 夜尊榮航程，探索下龍灣奇石景觀。', '⚓ 第 1 天｜河內 → 下龍灣啟航\r\n08:00 🚐 乘車前往碼頭，準備登船\r\n12:00 🍹 迎賓飲品與午餐，展開巡遊之旅\r\n14:30 🏝️ 探訪奇石與鐘乳石洞，體驗海上奇景\r\n17:00 🌅 欣賞絕美海上夕陽\r\n19:00 🍽️ 豪華海鮮晚宴，夜間娛樂活動\r\n🌊 第 2 天｜海上探索 → 返回河內\r\n07:00 🍳 早餐後乘船漫遊，探索浮村文化\r\n10:00 🚣‍♂️ 竹筏遊覽清幽海灣\r\n12:00 🚐 乘車返回河內，行程圓滿結', 5300, 0, 2, '2025-04-27 18:26:00', '2025-06-09 18:26:00', 1295, '2025-04-24 18:26:00', '2025-06-09 18:26:00', '2025-04-23 18:26:00', '2025-04-25 18:26:00', 1),
(31, '【經典沙壩之旅】Cat Cat 村＋番西邦纜車｜2天1夜全包行程', 1, 2, 1, 3, '遊覽 Cat Cat 村，乘纜車登上番西邦山，輕鬆享受 2 天 1 夜北越高原美景。', '🚐 第 1 天｜沙壩探索\r\n07:00 🍽️ 早餐後從河內出發\r\n12:00 🚶‍♂️ 參觀Cat Cat 村，欣賞少數民族文化與梯田景觀\r\n15:00 ⛰️ 搭乘纜車登頂番西邦山，俯瞰北越美景\r\n19:00 🍲 享用當地特色晚餐，放鬆休息\r\n🌄 第 2 天｜自由行 → 返回河內\r\n07:30 🍳 早餐後自由探索沙壩市區\r\n10:30 🚐 乘車返回河內，午後抵達市區\r\n\r\n【寧平冒險之旅】河內出發｜2天1夜騎行與河谷探索\r\n🚴 第 1 天｜騎行探索白亭山水\r\n07:00 🚐 專車前往寧平，準備展開騎行\r\n10:00 🚴‍♂️ 穿越壯麗河谷，欣賞石灰岩奇景\r\n12:00 🍛 午餐於當地小吃攤\r\n14:00 🏯 參觀古寺與秘境景觀\r\n🌄 第 2 天｜山水遊船 → 返回河內\r\n08:00 🚣‍♀️ 乘船探索三谷溼地\r\n11:30 🍽️ 午餐後返回河內，行程結束\r\n\r\n【越南攝影旅人路線】3天攝影之旅｜山水建築全記錄\r\n📸 第 1~3 天｜捕捉越南風景\r\n探索山水、梯田、古寺與特色建築，專業導覽帶領拍攝最佳景點\r\n\r\n這些行程完整規劃，不中斷且方便複製使用！如果有任何需要微調的地方，請讓我知道哦 😃', 3500, 21, 2, '2025-06-22 18:26:00', '2025-10-12 18:26:00', 34, '2025-06-21 18:26:00', NULL, '2025-06-18 18:26:00', NULL, 1),
(32, '【寧平冒險之旅】河內出發｜2天1夜騎行與河谷探索', 1, 2, 1, 4, '2 天 1 夜騎行穿越寧平河谷，體驗壯麗山水風光與田園風情，適合喜愛冒險的旅客。', '🚴 第 1 天｜騎行探索白亭山水\r\n07:00 🚐 專車前往寧平，準備展開騎行\r\n10:00 🚴‍♂️ 穿越壯麗河谷，欣賞石灰岩奇景\r\n12:00 🍛 午餐於當地小吃攤\r\n14:00 🏯 參觀古寺與秘境景觀\r\n🌄 第 2 天｜山水遊船 → 返回河內\r\n08:00 🚣‍♀️ 乘船探索三谷溼地\r\n11:30 🍽️ 午餐後返回河內，行程結束\r\n\r\n【越南攝影旅人路線】3天攝影之旅｜山水建築全記錄\r\n📸 第 1~3 天｜捕捉越南風景\r\n探索山水、梯田、古寺與特色建築，專業導覽帶領拍攝最佳景點\r\n\r\n這些行程完整規劃，不中斷且方便複製使用！如果有任何需要微調的地方，請讓我知道哦 😃', 2700, 9, 2, '2025-06-16 18:26:00', '2025-07-18 18:26:00', 1116, '2025-06-15 18:26:00', NULL, '2025-06-13 18:26:00', '2025-06-14 18:26:00', 1),
(33, '【越南攝影旅人路線】3天攝影之旅｜山水建築全記錄', 1, 2, 2, 6, '3 天沉浸攝影旅程，紀錄越南山水、古建築，捕捉最動人的畫面。', '📍 第 1 天｜自然光影與山水景觀\r\n🕗 08:00｜河內出發 🚐\r\n乘坐專車前往越南北部風景最壯麗的拍攝地點，沿途欣賞晨光下的田園景色，並學習如何調整攝影設定捕捉最佳畫面。\r\n🕙 10:00｜三谷溼地生態攝影 🌿\r\n抵達寧平省，乘坐竹筏穿越溼地，拍攝水面倒影與石灰岩山勢的壯麗構圖。導覽教你如何運用自然光打造獨特氛圍。\r\n🕜 13:30｜特色午餐＋文化拍攝 🍛\r\n品嚐當地農村美食，學習拍攝美食與人物，探索當地市場的熱鬧場景。\r\n🕞 15:00｜白亭寺古剎攝影 🏯\r\n捕捉越南古建築的細節，學習如何利用陰影和光線展現寺廟的神秘感。\r\n🕠 17:30｜夕陽攝影＋梯田景觀 🌅\r\n前往景觀平台，拍攝夕陽映照梯田的夢幻色彩，調整曝光獲得完美的金色光暈。\r\n🕢 19:00｜返回住宿＋夜拍街景 ✨\r\n夜間漫遊市區，拍攝河內燈光與車流，創造出動感的城市夜景。\r\n\r\n📍 第 2 天｜人文建築與都市攝影\r\n🕗 08:00｜河內歷史街區拍攝 🏙️\r\n漫步於 36 古街，捕捉城市老舊建築、咖啡店、騎車人群的動態瞬間，學習街拍技巧。\r\n🕙 10:30｜胡志明陵與文廟攝影 🏛️\r\n探索河內歷史地標，拍攝莊嚴建築與對稱美學，利用廣角創造強烈的視覺衝擊。\r\n🕜 12:30｜特色午餐＋人物攝影 🍽️\r\n用鏡頭記錄當地生活方式，學習如何透過構圖強調越南人的日常表情與動作。\r\n🕞 15:00｜西湖湖畔與宮殿建築 🌊\r\n在湖邊拍攝倒影構圖，運用不同快門速度製造柔和的水面效果。\r\n🕠 17:30｜日落與長曝光城市攝影 🌆\r\n站上高樓俯瞰城市夜景，運用慢快門拍出霓虹燈光軌跡。\r\n🕢 19:30｜晚餐＋作品交流 📷\r\n與攝影同好交流作品，分享拍攝心得，享受越南當地風味餐。\r\n\r\n📍 第 3 天｜越南鄉村與秘境攝影\r\n🕗 08:00｜出發前往隱秘山谷 🚐\r\n乘車前往鮮少遊客到訪的村落，探索越南原始風貌，拍攝寧靜純樸的鄉村景色。\r\n🕙 10:00｜農村生活紀錄攝影 🌾\r\n近距離拍攝農夫耕作、牧牛場景，學習如何捕捉動態畫面與人物真實情感。\r\n🕜 13:00｜山村特色午餐 🍚\r\n在當地人家品嚐手作美食，拍攝家庭生活的溫暖瞬間。\r\n🕞 15:00｜秘境瀑布與深山奇景 ⛰️\r\n徒步探索隱藏瀑布，利用慢速快門拍出水流絲滑效果，學習如何平衡光線與背景。\r\n🕠 17:30｜最後的金色時光 🌅\r\n抓住旅程最後的夕陽，拍攝光影在山間變化的夢幻場景。\r\n🕢 19:00｜返回河內，行程結束 🎉\r\n帶著滿滿回憶與攝影作品回到河內，這趟旅程讓你收穫絕美的越南影像故事！', 2700, 48, 3, '2025-06-15 18:26:00', '2025-08-18 18:26:00', 611, '2025-06-13 18:26:00', NULL, '2025-06-12 18:26:00', '2025-06-13 18:26:00', 1),
(34, '【東方蓮花5星遊輪】2天1夜｜非越籍限定｜18間客艙尊享', 1, 2, 1, 2, '乘坐東方蓮花 5 星遊輪，享受奢華航程，僅限非越籍旅客，擁有尊享的 18 間客艙。', '在靜謐的下龍灣上展開一場尊榮的水上之旅。搭乘東方蓮花號豪華遊輪，享受五星級設施與18間獨立艙房，專為非越籍旅客打造，獨享寧靜與奢華。\r\n行程首日下午將於河內集合，搭乘專車前往碼頭登船，隨即展開海上巡航。航程中將拜訪鐘乳石洞與浮村，享受海鮮晚宴及船上表演。\r\n翌日晨可參與太極晨操，欣賞日出後享用早餐，接著造訪迷人景點再返航。此旅程極適合情侶與高端旅客，沉浸於下龍灣的自然壯麗與寧靜。', 5300, 40, 2, '2025-06-19 18:26:00', '2025-08-20 18:26:00', 869, '2025-06-18 18:26:00', NULL, '2025-06-16 18:26:00', '2025-06-17 18:26:00', 1),
(35, '【大叻2天1夜生態冒險】森林健行＋露營＋立槳體驗', 1, 2, 3, 11, '探索森林步道，露營體驗，立槳遊湖，感受越南高原的生態魅力。', '逃離都市，深入越南高原大叻的原始森林，體驗兩天一夜的自然冒險。行程以森林健行展開，導覽員將帶領你穿越古老松林、探訪秘境瀑布。\r\n傍晚搭建帳篷，營火烤食越式風味晚餐，夜間仰望滿天繁星。\r\n隔日清晨前往湖畔進行立式划槳體驗，享受靜謐湖景與晨霧交織的氛圍。此行程特別適合熱愛自然、喜愛挑戰自我的旅人。', 1500, 28, 2, '2025-06-17 18:26:00', '2025-10-02 18:26:00', 1181, '2025-06-15 18:26:00', NULL, '2025-06-12 18:26:00', '2025-06-14 18:26:00', 1),
(36, '【南越文化探秘】湄公河三角洲2天深度遊｜胡志明市出發', 1, 2, 3, 13, '2 天深度遊湄公河三角洲，探索當地水上生活與農村文化，從胡志明市出發。', '從胡志明市出發，展開一場深入湄公河三角洲的文化旅程。首日參訪當地果園與椰糖工坊，搭乘手搖船穿越水椰林，體驗水鄉風情。\r\n夜宿河畔民宿，感受在地人家熱情與手作佳餚。翌日清晨造訪傳統水上市場，觀察漁民與攤販的交易日常。\r\n行程中將搭配中英文導覽，深入了解南越農村文化與生活節奏，適合喜愛在地文化的旅人參加。', 4000, 34, 2, '2025-06-17 18:26:00', '2025-08-30 18:26:00', 1136, '2025-06-15 18:26:00', NULL, '2025-06-10 18:26:00', '2025-06-11 18:26:00', 1),
(37, '【蘭夏灣精選2日】Rosy Cruise 遊船＋緩慢旅程體驗', 1, 2, 1, 2, '搭乘 Rosy Cruise 遊船，體驗緩慢旅程，享受寧靜的海灣時光。', '探索被譽為「海上仙境」的蘭夏灣，乘坐 Rosy Cruise 展開兩天一夜的緩慢之旅。\r\n行程包含生態保育區參觀、皮划艇穿越石灰岩地貌，並享受船上SPA與精緻料理。\r\n夜晚停泊於靜謐灣區，參與手作燈籠與釣魷魚體驗。翌日早晨登高望遠後享用早餐，悠閒返回碼頭。\r\n本行程特別推薦給尋求放鬆、享受慢生活的旅人，是一場奢華又不失人文底蘊的旅程。', 2900, 41, 2, '2025-06-22 18:26:00', '2025-09-01 18:26:00', 1156, '2025-06-19 18:26:00', NULL, '2025-06-16 18:26:00', '2025-06-18 18:26:00', 1),
(38, '【河內出發自駕遊】板約瀑布＋天使山秘境｜2天1夜路線推薦', 1, 2, 1, 1, '2 天 1 夜探索板約瀑布與天使山秘境，適合喜愛自駕旅行的旅客。', '想探索北越壯闊山水的旅人，這條板約瀑布與天使山的自駕路線將帶來絕美風景與無限驚喜。\r\n從河內出發，穿越山區公路，首日抵達壯觀的板約瀑布，感受瀑布奔騰氣勢與溪水清涼。夜宿當地民宿，體驗少數民族風味晚餐。\r\n隔日前往天使山秘境，展開輕度登山與雲海眺望之旅。整段旅程為自由行模式，可選擇中文導航與支援車隊，是探索北越自然奇景的理想選擇。', 3500, 48, 2, '2025-06-22 18:26:00', '2025-08-01 18:26:00', 1198, '2025-06-22 18:26:00', NULL, '2025-06-21 18:26:00', NULL, 1),
(39, '富國島 Namaste 珊瑚公園｜挑戰海底漫步＋珊瑚浮潛雙重體驗', 1, 3, 1, 14, '挑戰海底漫步與珊瑚浮潛，探索富國島美麗的海洋世界。', '來到富國島，怎能錯過這場結合刺激與奇幻的海底探險？Namaste 珊瑚公園是一個坐落於海中央的夢幻水域，擁有多樣的珊瑚生態與魚群。這場半日海洋活動將帶領你挑戰浮潛與海底漫步，零經驗也能輕鬆參與，宛如進入水下世界的奇幻國度。\r\n\r\n📅 行程安排一覽：\r\n\r\n🕘 09:00｜集合出發\r\n飯店接駁至港口集合，導遊將簡介今日行程內容與注意事項，提供裝備並教導基本水上活動知識。\r\n\r\n🚤 09:30｜搭乘快艇前往珊瑚公園\r\n從富國島主島碼頭搭乘快艇約 20 分鐘，即可抵達 Namaste 珊瑚保育區，沿途欣賞清澈海水與遠方島嶼風景。\r\n\r\n🤿 10:00｜珊瑚浮潛體驗\r\n穿戴好裝備，在專業教練指導下進行浮潛。你將悠遊於色彩繽紛的珊瑚群中，觀賞熱帶魚群在你身旁穿梭，拍下如夢似幻的水下回憶。\r\n\r\n🚶‍♂️🌊 11:00｜海底漫步挑戰\r\n換上特殊頭盔裝備，在水深約 5 公尺的海底展開步行冒險。無需會游泳，也能安全地走在海床上，近距離觀察珊瑚、貝類與魚群，彷彿漫步於海底仙境！\r\n\r\n📸 11:45｜水下攝影留念\r\n可選擇加購專業水下攝影服務，留下浮潛與漫步的精彩瞬間，適合情侶、家庭與朋友間珍藏。\r\n\r\n🧃 12:00｜享用輕食＆果汁\r\n活動後於平台享用水果、椰汁與輕食，補充體力的同時欣賞無邊海景，療癒身心。\r\n\r\n🛥️ 12:30｜返回富國島本島\r\n搭乘快艇回程，沿途導遊會介紹富國島其他值得探訪的自然景點與文化。\r\n\r\n🕐 13:00｜送返飯店，行程結束', 1900, 0, 1, '2025-03-25 18:26:00', '2025-05-25 18:26:00', 115, '2025-03-24 18:26:00', '2025-05-25 18:26:00', '2025-03-22 18:26:00', '2025-03-24 18:26:00', 1),
(40, '越南 Cam Thanh 村半日輕旅行｜水椰林竹籃船＋水牛慢遊鄉村道', 1, 3, 1, 3, '乘竹籃船穿越水椰林，騎水牛漫遊鄉村小道，體驗越南當地生活。', '深入越南會安的 Cam Thanh 村，體驗當地農村風情與生態生活，搭乘竹籃船穿梭椰林、乘坐水牛車感受純樸慢生活。\r\n\r\n📅 行程安排：\r\n🕘 08:30｜飯店接送，前往村莊\r\n🚣‍♂️ 09:00｜搭竹籃船遊水椰林\r\n🪓 09:45｜觀看捕蟹技巧與投網示範\r\n🐃 10:30｜水牛車漫遊鄉間小路\r\n🎋 11:00｜學習摺椰葉工藝\r\n🥥 11:30｜品嚐椰子水與在地小點\r\n🕛 12:00｜返回會安市區，行程結束', 1500, 44, 1, '2025-06-21 18:26:00', '2025-10-14 18:26:00', 1057, '2025-06-19 18:26:00', NULL, '2025-06-14 18:26:00', '2025-06-16 18:26:00', 1),
(41, '河內出發｜沙壩 3 天 2 夜山林探秘｜Cat Cat、Ta Van、涵龍山全收錄', 1, 3, 1, 3, '走訪沙壩秘境，探索 Cat Cat 村與 Ta Van 村，攀登涵龍山，深入北越山林風光，感受壯麗景色與少數民族文化。', '從河內出發，踏上北越沙壩山林秘境之旅，深入苗族與傣族村落，探索瀑布田園與壯闊山景。\r\n\r\n📅 第1天：\r\n🚌 07:30｜河內出發，搭車前往沙壩\r\n🍱 12:30｜抵達沙壩享用午餐\r\n🏞️ 14:00｜造訪 Cat Cat 村\r\n🌅 17:30｜入住飯店，自由活動\r\n🍲 19:00｜享用晚餐與當地表演\r\n\r\n📅 第2天：\r\n🥾 08:00｜健行前往 Ta Van 村\r\n🍽️ 12:00｜村內享用手作午餐\r\n🛖 14:00｜參觀苗族文化屋\r\n🌄 17:00｜返回沙壩住宿\r\n\r\n📅 第3天：\r\n⛰️ 08:30｜登頂涵龍山觀景平台\r\n📸 10:30｜拍攝梯田壯景\r\n🍜 12:00｜午餐後準備返程\r\n🚌 14:00｜專車返回河內\r\n🕖 19:00｜抵達市區，行程結束', 1900, 29, 3, '2025-05-23 18:26:00', '2025-08-06 18:26:00', 1466, '2025-05-22 18:26:00', NULL, '2025-05-19 18:26:00', '2025-05-22 18:26:00', 1),
(42, '富國島四島精華一日遊｜快艇跳島＋Hon Thom 空中纜車一次玩透', 1, 3, 1, 14, '富國島四島快艇跳島，搭乘 Hon Thom 空中纜車俯瞰絕美海景，享受浮潛、海灘時光，一日內玩遍精華景點。', '探索富國島南端四大夢幻島嶼，體驗快艇浮潛與 Hon Thom 空中纜車，適合熱愛陽光海洋的你！\r\n\r\n📅 行程安排：\r\n🕘 08:30｜飯店接送出發\r\n🚤 09:00｜搭快艇前往第一座島嶼浮潛\r\n🐚 10:30｜探索 Gam Ghi 珊瑚礁\r\n🏖️ 12:00｜May Rut 享受海灘時光\r\n🍱 13:30｜享用島上海鮮午餐\r\n🌊 14:30｜Hon Thom 登島遊覽\r\n🚡 15:30｜搭乘空中纜車俯瞰海景\r\n🛥️ 16:30｜返回本島，行程結束', 1200, 10, 1, '2025-06-15 18:26:00', '2025-09-01 18:26:00', 207, '2025-06-13 18:26:00', NULL, '2025-06-11 18:26:00', '2025-06-12 18:26:00', 1),
(43, '富國島雙樂園超值玩｜珍珠 Safari 野生動物園＋奇幻樂園通票', 1, 3, 1, 14, '暢玩富國島雙樂園，探索珍珠 Safari 野生動物園，欣賞奇幻樂園精彩演出，適合全家大小的夢幻冒險之旅。', '結合自然與樂園，從野生動物園到刺激遊樂設施，一票通玩富國島最熱門雙樂園！\r\n\r\n📅 行程安排：\r\n🚌 08:00｜飯店接送至 Safari 野生動物園\r\n🦒 09:00｜乘坐園區巴士觀察動物生態\r\n🐘 11:00｜餵食體驗與大象表演\r\n🍽️ 12:30｜園區內午餐\r\n🎠 13:30｜前往 VinWonders 奇幻樂園\r\n🎢 14:00｜挑戰雲霄飛車與水樂園\r\n📸 16:30｜參觀主題館與拍照打卡\r\n🕕 18:00｜返回飯店，結束歡樂一日', 1300, 29, 1, '2025-06-22 18:26:00', '2025-07-27 18:26:00', 994, '2025-06-21 18:26:00', NULL, '2025-06-20 18:26:00', NULL, 1),
(44, '坎吉奧猴島 & 鱷魚農場一日遊｜從胡志明出發的野趣冒險', 1, 3, 3, 10, '坎吉奧猴島 & 鱷魚農場野趣冒險，從胡志明市出發，親近野生動物，乘船探索紅樹林濕地，體驗原始自然。', '從胡志明市出發，探索潮濕紅樹林與野生動物世界，適合親子與動物愛好者！\r\n\r\n📅 行程安排：\r\n🚌 07:30｜市區出發，前往坎吉奧\r\n🛶 09:00｜搭乘獨木舟遊紅樹林\r\n🦍 10:30｜造訪猴島，近距離觀察野生獼猴\r\n🍽️ 12:00｜當地海鮮餐廳午餐\r\n🐊 13:30｜參觀鱷魚養殖場，觀賞餵食秀\r\n🌳 15:00｜紅樹林生態區導覽\r\n🕕 17:00｜返回胡志明市，結束行程', 2100, 35, 1, '2025-06-22 18:26:00', '2025-10-07 18:26:00', 243, '2025-06-22 18:26:00', NULL, '2025-06-20 18:26:00', NULL, 1),
(45, '會安椰林花燈一日遊｜漫遊老城＋竹籃船＋夜晚放水燈祈福', 1, 3, 2, 7, '會安椰林與古鎮浪漫之旅，搭竹籃船穿越水椰林，夜晚放水燈祈福，走訪燈火輝煌的會安老城，感受寧靜氛圍。', '結合古城之美與傳統水燈祈福，一場充滿文化浪漫的會安一日輕旅！\r\n\r\n📅 行程安排：\r\n🕘 09:00｜飯店出發前往會安古城\r\n🏛️ 10:00｜導覽古建築與歷史街道\r\n🍜 12:00｜享用越式午餐\r\n🚣‍♀️ 14:00｜搭竹籃船漫遊椰林水道\r\n🎨 16:00｜手作燈籠體驗工坊\r\n🏮 18:30｜古鎮晚餐＋河邊放水燈祈福\r\n🕘 20:00｜返程出發，結束浪漫之旅', 1800, 50, 1, '2025-06-21 18:26:00', '2025-10-11 18:26:00', 917, '2025-06-18 18:26:00', NULL, '2025-06-13 18:26:00', '2025-06-14 18:26:00', 1),
(46, '富國島三島快艇之旅｜浮潛、阿拉丁水墊、SUP 飛空攝影超新鮮', 1, 3, 1, 14, '富國島三島探險，浮潛珊瑚海域，挑戰阿拉丁水墊與 SUP 飛空攝影，徜徉在熱帶風情的碧海藍天之中。', '想體驗越南最潮的海上玩法？這場富國島三島快艇之旅絕對是你的完美選擇！快艇帶你穿梭碧海藍天間，浮潛探索珊瑚樂園、躺在阿拉丁水墊上漂浮發呆，還能站上 SUP 挑戰飛空攝影，從海平面到空中，每一刻都令人驚艷。這不只是一場旅行，更是一場「曬圖圈」裡最亮眼的視覺冒險！\r\n\r\n📅 行程安排：\r\n🕘 08:30｜飯店接駁集合\r\n🏖️ 09:00｜搭乘快艇出海，開啟跳島冒險\r\n🤿 09:45｜第一站浮潛天堂：Gam Ghi 島\r\n🌊 11:00｜躺上阿拉丁水墊，在海上發呆放空\r\n🚣‍♂️ 12:00｜May Rut Trong 島玩立槳 SUP\r\n📸 12:45｜無人機空拍攝影（工作人員協助）\r\n🍱 13:30｜享用海灘午餐，椰子＋越南小吃\r\n🧃 14:30｜自由探索沙灘與網美打卡點\r\n🛥️ 15:30｜返回本島，結束快意航程\r\n🕕 16:00｜送返飯店，留下滿滿陽光與美照', 3000, 24, 1, '2025-06-19 18:26:00', '2025-08-22 18:26:00', 722, '2025-06-16 18:26:00', NULL, '2025-06-14 18:26:00', '2025-06-16 18:26:00', 1),
(47, '富國島夢幻日落一日遊｜跳島＋跨海纜車＋海邊煙火絢爛登場', 1, 3, 1, 14, '夢幻日落探秘，富國島跳島＋跨海纜車，欣賞夕陽與海邊煙火，感受浪漫的黃昏時光，締造難忘回憶。', '當太陽緩緩沉入富國島的海平線，天空被渲染成金橘與粉紅，那一刻，你會明白這趟旅程是為了這場日落盛宴而存在。這趟夢幻日落一日遊，將跳島探險、跨海纜車與夜間煙火結合，讓你從清晨的海洋清新到夜晚的火光燦爛，精彩一氣呵成，適合情侶、閨蜜與一切渴望「被浪漫擊中」的人。\r\n\r\n📅 行程安排：\r\n🕘 09:00｜飯店出發，迎接一整天的浪漫\r\n🏝️ 10:00｜探索兩座小島：Gam Ghi & Mong Tay\r\n🤿 11:30｜浮潛探索珊瑚與熱帶魚\r\n🍽️ 13:00｜海上餐廳享用午餐\r\n🚡 15:00｜前往 Hon Thom，搭乘跨海纜車（全球最長）\r\n🎡 16:00｜島上自由活動：樂園、海灘、咖啡廳\r\n🌅 17:30｜黃金時刻！欣賞富國島夢幻日落\r\n🎆 18:30｜海灘煙火秀與燈光演出（視當日安排）\r\n🚌 19:30｜返回飯店，結束璀璨一天', 2100, 0, 1, '2025-06-19 18:26:00', '2025-09-02 18:26:00', 226, '2025-06-18 18:26:00', NULL, '2025-06-16 18:26:00', '2025-06-18 18:26:00', 1),
(48, '富國島四島暢玩行程｜纜車＋浮潛＋秘境沙灘一網打盡', 1, 3, 1, 14, '富國島四島暢遊行程，搭乘纜車俯瞰海景，浮潛探索海底世界，漫步秘境沙灘，體驗熱帶島嶼風光。', '還在苦惱行程怎麼排？這一趟直接幫你把富國島南端四座經典離島一次收進記憶卡裡！從空中纜車、深海浮潛到白沙秘境，全日行程動靜皆宜，適合喜歡一次玩透透的旅人。四島跳島＋一票玩到底的設計，讓你不只玩得過癮，更拍得過癮！\r\n\r\n📅 行程安排：\r\n🕘 08:00｜飯店接駁，集合出發\r\n🚤 08:30｜快艇出發，第一站 Mong Tay 浮潛\r\n🐚 10:00｜前往 Gam Ghi 島珊瑚區，海底世界盡收眼底\r\n🏖️ 11:30｜May Rut 島自由活動\r\n🍱 13:00｜海島午餐＋涼椰汁一杯\r\n🚡 15:00｜登島 Hon Thom，搭乘纜車賞海景\r\n🎠 15:30｜島上遊樂設施自由選（含滑水道與兒童區）\r\n🛥️ 17:00｜回程快艇送返本島\r\n🕕 17:30｜回到飯店，海上記憶滿載而歸', 1300, 12, 1, '2025-06-22 18:26:00', '2025-09-23 18:26:00', 947, '2025-06-19 18:26:00', NULL, '2025-06-14 18:26:00', '2025-06-16 18:26:00', 1),
(49, '【峴港／會安出發】順化古都一日遊｜皇城巡禮＋香江風光', 1, 4, 2, 6, '順化古都巡禮，沉浸皇城歷史，遊船香江感受寧靜風光，探訪昔日帝王遺跡，回溯越南深厚文化底蘊。', '這不只是一趟旅程，而是一場穿越時光的朝聖。從峴港或會安出發，抵達越南千年古都順化，展開對皇城的深入探索。漫步帝王陵寢、乘船悠遊香江，從建築、河流、宮廷樂聲中感受古越的帝王氣息。若你嚮往文化與歷史，那順化將是你心中的東方羅馬。\r\n\r\n📅 行程安排：\r\n🚌 07:30｜飯店出發前往順化（車程約 2.5 小時）\r\n🏯 10:00｜參觀順化皇城與太和殿\r\n🛕 11:30｜漫遊紫禁城遺跡與御花園\r\n🍽️ 12:30｜享用順化宮廷風午餐\r\n🚤 14:00｜搭乘香江遊船，觀賞天姥寺\r\n⛰️ 15:30｜前往啟定帝陵，欣賞融合東西風格的陵墓建築\r\n🛍️ 16:30｜參訪順化在地市集，自由採買特色手工藝\r\n🕕 18:00｜返回飯店，結束皇城巡禮', 2100, 50, 1, '2025-06-19 18:26:00', '2025-07-20 18:26:00', 1169, '2025-06-19 18:26:00', NULL, '2025-06-14 18:26:00', '2025-06-17 18:26:00', 1),
(50, '【寧平一日私旅】白亭山水＋三谷遊船＋Mua Cave 山丘秘景｜河內出發包車體驗', 1, 4, 1, 4, '寧平秘境探索，包車暢遊白亭山水，乘船遊三谷溼地，登上 Mua Cave 山丘俯瞰全景，享受自然與歷史交織。', '若你已厭倦了城市的喧囂，那就逃離都市，投奔寧平的山水懷抱吧。這場高端私旅將用一日時間帶你走進「陸上下龍灣」，登上 Mua Cave 山丘遠眺田園風光、乘船穿越三谷溶洞，與寧靜水面與青山對話。專屬包車、中文導覽，讓你舒適又深入地體驗越南北部最秀麗的祕境。\r\n\r\n📅 行程安排：\r\n🕘 07:30｜專車從河內出發\r\n⛰️ 09:30｜登頂 Mua Cave 觀景平台，俯瞰田野與石山群\r\n🍱 11:00｜寧平當地越式午餐\r\n🛶 13:00｜搭乘手搖船進入三谷區域（Tam Coc）\r\n🌄 14:30｜穿越溶洞與稻田水道\r\n🏯 15:30｜前往白亭寺與古剎區域參觀\r\n🚌 17:00｜回程專車返抵河內\r\n🕖 19:00｜行程結束，山水美景烙印心頭', 2200, 4, 1, '2025-06-15 18:26:00', '2025-07-18 18:26:00', 797, '2025-06-14 18:26:00', NULL, '2025-06-09 18:26:00', '2025-06-10 18:26:00', 1),
(51, '【沙壩 2 天 1 夜健行挑戰】Ta Van 村深度路線｜河內出發輕裝上陣', 1, 4, 1, 3, '沙壩 2 天健行，深入 Ta Van 村，體驗少數民族風情，穿越梯田美景，感受山間寧靜，適合喜愛挑戰的旅者。', '如果你渴望逃離都市，挑戰自我又不失風景，那麼這場「沙壩 2 天 1 夜健行挑戰」絕對值得列入人生清單。從河內出發，一路前往北越山區，深入田野山谷、走進少數民族村落，以徒步的節奏親近沙壩的呼吸。這不只是體能挑戰，更是一場靈魂的洗滌。\r\n\r\n📅 第1天：河內 ➜ 沙壩 ➜ Lao Chai ➜ Ta Van\r\n🚌 06:30｜河內集合出發，搭乘巴士前往沙壩（車程 5.5 小時）\r\n🍜 12:30｜抵達沙壩用午餐，稍作整裝\r\n🥾 14:00｜出發健行，穿越梯田、溪谷與高原森林\r\n🏘️ 17:00｜抵達 Ta Van 村落，入住當地民宿\r\n🍲 18:30｜享用傳統晚餐，與村民交流文化\r\n\r\n📅 第2天：Ta Van ➜ Giang Ta Chai ➜ 沙壩 ➜ 河內\r\n🍳 07:00｜早餐後準備出發\r\n🌿 08:00｜繼續健行至瀑布區與 Giang Ta Chai\r\n📸 11:00｜拍攝竹橋與瀑布美景\r\n🍱 12:30｜回到沙壩市區用午餐\r\n🚌 14:00｜搭車返程回河內\r\n🕕 20:00｜預計抵達河內，行程結束', 1700, 47, 2, '2025-06-16 18:26:00', '2025-07-24 18:26:00', 549, '2025-06-13 18:26:00', NULL, '2025-06-10 18:26:00', '2025-06-12 18:26:00', 1),
(52, '【富國島原始雙島探索】木船出海＋珊瑚浮潛＋海釣＋岸上料理體驗（空拍紀錄）', 1, 4, 1, 14, '富國島原始雙島探險，木船出海尋找隱世海灣，浮潛珊瑚海底，岸上料理海鮮美食，享受悠然漁村時光。', '逃離人潮，走向富國島更原始的一面。本行程搭乘傳統木船前往人跡罕至的雙島區域，浮潛觀賞珊瑚生態、親手體驗釣魚樂趣，並在海邊料理現釣漁獲！還有無人機空拍服務，完整紀錄你的航海冒險日誌，是一場「玩出原味」的海島旅行。\r\n\r\n📅 行程安排：\r\n🕘 08:00｜專車接送至港口\r\n🚤 08:45｜搭乘木船出發，沿途享受海上風光\r\n🐠 09:30｜抵達第一座離島，展開浮潛與拍攝\r\n🎣 11:00｜體驗海釣，專人教學＋親手拉竿\r\n🍳 12:30｜登島用餐，自行協助炊煮簡易料理（海鮮＋米粉）\r\n🧃 13:30｜休息、拍照、探索沙灘秘境\r\n📸 14:30｜無人機空拍紀錄全景＋團體合影\r\n🛥️ 15:30｜返回富國島港口\r\n🕕 16:00｜送返飯店，滿足回味', 2600, 21, 1, '2025-06-22 18:26:00', '2025-09-21 18:26:00', 487, '2025-06-20 18:26:00', NULL, '2025-06-15 18:26:00', '2025-06-17 18:26:00', 1),
(53, '【大叻經典城市一日遊】浪平山、火車站、竹林禪院、瀑布、纜車、草莓園全收錄', 1, 4, 3, 11, '大叻經典城市探索，浪平山美景、火車站歷史、竹林禪院寧靜、瀑布震撼、纜車空中漫遊，還有草莓園採果樂。', '在越南高原上的大叻，空氣比咖啡還清新，景色比明信片更夢幻。這一日精選行程將大叻的自然與文化經典一網打盡：從雲霧繚繞的浪平山、古老的法式火車站，到竹林禪院與飛瀑奇景，還能品嚐親手摘的草莓，感受如詩如畫的午後小鎮節奏。\r\n\r\n📅 行程安排：\r\n🕘 08:00｜飯店接送，開始城市巡遊\r\n⛰️ 08:30｜登浪平山遠眺高原晨景\r\n🚠 09:30｜搭乘纜車前往竹林禪院，感受靜謐氣息\r\n🏞️ 11:00｜參觀瀑布區，拍攝飛瀑與吊橋\r\n🍜 12:30｜享用大叻特色午餐\r\n🚂 14:00｜前往百年大叻火車站，體驗復古車廂\r\n🍓 15:30｜參觀草莓園，現採現吃甜蜜滿分\r\n📸 17:00｜城市廣場打卡留影\r\n🕕 18:00｜返回飯店，行程圓滿', 2800, 17, 1, '2025-03-21 18:26:00', '2025-06-10 18:26:00', 833, '2025-03-21 18:26:00', '2025-06-10 18:26:00', '2025-03-17 18:26:00', '2025-03-18 18:26:00', 1),
(54, '【峴港金橋全日遊】巴拿山纜車＋天空步道＋可選自助午餐輕旅行', 1, 4, 2, 6, '峴港金橋天空步道，全日深度遊巴拿山，搭纜車穿越雲霧森林，輕鬆享受壯麗景色，挑選自助午餐美食饗宴。', '「伸手可摘雲的黃金之橋」，正是峴港的世界奇景代表——金橋。這場行程帶你搭乘亞洲最長纜車上山，走在宛如浮空的橋上，遠眺山巒與海岸。你還可自選是否加購山上自助午餐與樂園體驗，輕鬆安排你的黃金假期！\r\n\r\n📅 行程安排：\r\n🕘 08:00｜飯店出發，專車前往巴拿山\r\n🚡 09:00｜搭乘纜車上山，欣賞山林風景\r\n🌉 10:00｜遊覽金橋與佛手建築群\r\n🏰 11:30｜自由探索法國村、酒窖、庭園\r\n🍽️ 12:30｜可加購自助午餐（或自理）\r\n🎠 14:00｜可選體驗山頂樂園與 4D 體感秀\r\n📸 15:30｜拍照打卡＆欣賞表演\r\n🚌 17:00｜返回峴港飯店，結束輕旅行', 2200, 0, 1, '2025-06-15 18:26:00', '2025-09-29 18:26:00', 678, '2025-06-15 18:26:00', NULL, '2025-06-13 18:26:00', '2025-06-14 18:26:00', 1),
(55, '【芽莊樂趣島出航日】大壩灣小島跳島樂園一日遊｜多語導覽安心暢玩', 1, 4, 2, 8, '芽莊跳島樂園之旅，探訪大壩灣美麗小島，享受浮潛、沙灘時光，多語導覽帶領深度遊覽，一次玩轉海洋天堂。', '芽莊的魅力，在於它能讓你一秒切換度假模式。本行程專為「玩到底」設計，從大壩灣出航跳島玩樂，登島樂園瘋狂放電、海上活動全都包含，多語導覽確保每位旅客都能安心盡興，是親子、情侶、朋友團出遊首選！\r\n\r\n📅 行程安排：\r\n🕘 08:30｜芽莊市區接送\r\n⛴️ 09:30｜登船出航大壩灣\r\n🎢 10:30｜抵達樂趣島，體驗遊樂設施與水上活動\r\n🏄‍♀️ 12:00｜浮潛、水上摩托車、香蕉船等自選活動\r\n🍱 13:30｜享用島上午餐，含多道越南風味菜餚\r\n🎠 15:00｜參加表演或前往海濱放空\r\n🛥️ 16:30｜返回本島，送回飯店\r\n🕕 17:00｜結束快樂航日', 2000, 13, 1, '2025-06-20 18:26:00', '2025-09-05 18:26:00', 480, '2025-06-17 18:26:00', NULL, '2025-06-14 18:26:00', '2025-06-16 18:26:00', 1),
(56, '【河內夜晚散策半日遊】燈火與文化的城市深呼吸路線', 1, 4, 1, 5, '河內夜間散策，踏上燈火閃耀的城市街道，深入巷弄感受當地夜生活，品嚐道地小吃，體驗獨特文化氣息。', '當夜色低垂，河內真正的靈魂才悄然甦醒。古老街區在燈火下閃耀著歲月的光芒，騎樓下傳來熟悉的街頭樂音與咖啡香氣。這段夜間散策，將不以景點為目的，而是以「城市呼吸」為路徑，穿梭老街、文廟、湖畔，在每一步中，體會河內的緩慢與溫柔。\r\n\r\n📅 行程安排：\r\n🕕 17:30｜於河內老城區集合，導遊報到\r\n🏯 18:00｜文廟點燈儀式，夜間建築拍攝\r\n🏮 18:45｜步行穿越三十六古街，聆聽街坊故事\r\n🥢 19:30｜在地家庭小餐館享用晚餐（可選牛肉河粉或烤肉米線）\r\n🎨 20:30｜參觀夜間市集或街頭藝人展演（視天候調整）\r\n🌉 21:30｜湖邊夜景散步（還劍湖區）\r\n🕘 22:00｜行程結束，自行返回或由導遊協助叫車', 1900, 2, 1, '2025-04-10 18:26:00', '2025-08-07 18:26:00', 1156, '2025-04-09 18:26:00', NULL, '2025-04-06 18:26:00', '2025-04-08 18:26:00', 1);
INSERT INTO `trips` (`id`, `name`, `main_cate_id`, `sub_cate_id`, `region_id`, `city_id`, `info`, `description`, `price`, `stock`, `duration`, `booking_start_at`, `booking_end_at`, `views`, `published_at`, `unpublished_at`, `created_at`, `updated_at`, `is_valid`) VALUES
(57, '【胡志明市區精華半日遊】戰爭遺跡、粉紅教堂、百年郵局走讀經典', 1, 4, 3, 10, '胡志明市文化巡禮，探訪戰爭遺跡博物館、粉紅教堂、百年郵局，深入了解這座城市的歷史與現代交融魅力。', '西貢是一部活的歷史書，走在街上，每一棟建築都有它的故事。這段精華半日遊，濃縮了胡志明市的歷史、宗教與殖民記憶：從戰爭的傷痛，到信仰的延續，再到時代書信的見證。一次走完三大經典，讓你用腳步理解這座城市的層次。\r\n\r\n📅 行程安排：\r\n🕘 08:30｜飯店集合出發\r\n🎖️ 09:00｜參觀戰爭遺跡博物館（含導覽解說）\r\n🎀 10:00｜粉紅教堂打卡拍照（外觀參觀）\r\n📮 10:45｜聖母大教堂＆中央郵局建築巡禮\r\n☕ 11:30｜咖啡廳小憩（自費），導遊介紹越式滴漏咖啡文化\r\n🕛 12:30｜回程送返飯店或市區解散', 3500, 21, 1, '2025-06-17 18:26:00', '2025-09-10 18:26:00', 1013, '2025-06-14 18:26:00', NULL, '2025-06-13 18:26:00', '2025-06-14 18:26:00', 1),
(58, '【越南自然秘境】Cuc Phuong 國家公園＋Van Long 濕地小團小眾深度遊', 1, 4, 1, 1, '深入 Cuc Phuong 國家公園與 Van Long 濕地，探索自然秘境，尋找珍稀動植物，享受靜謐生態之旅。', '這場遠離人群的綠色冒險，將帶你走進越南第一座國家公園——Cuc Phuong，以及詩意的 Van Long 濕地保護區。這裡沒有喧囂人潮，只有古老雨林、野生長臂猿與水鳥、靜靜流淌的碧色水道，是喜歡自然與靜謐的旅人必訪小眾聖地。\r\n\r\n📅 行程安排：\r\n🕘 07:00｜河內飯店接送出發\r\n🚐 09:30｜抵達 Cuc Phuong 國家公園\r\n🌿 10:00｜步道健行，觀察植物與猴子保護中心\r\n🍱 12:00｜野餐午餐或園區用餐（視天候調整）\r\n🛶 14:00｜前往 Van Long，自然濕地船遊體驗\r\n📸 15:30｜觀賞水鳥與石灰岩奇景\r\n🚌 16:30｜返回河內\r\n🕕 18:30｜抵達飯店，行程結束', 1600, 39, 1, '2025-06-21 18:26:00', '2025-08-04 18:26:00', 593, '2025-06-20 18:26:00', NULL, '2025-06-18 18:26:00', '2025-06-20 18:26:00', 1),
(59, '胡志明摩托美食夜騎之旅｜越南導遊帶路品味西貢街頭＋可選海鮮龍蝦盛宴', 1, 5, 3, 10, '胡志明美食夜騎，摩托車穿梭西貢街頭，越南導遊帶領品味地道美食，可選海鮮龍蝦盛宴，體驗獨特夜晚風情。', '當地人都知道，真正的胡志明味道，藏在巷子與夜騎裡。由當地導遊騎摩托車載你穿梭市區，吃遍隱藏版路邊攤與人氣老店，從生春捲、牛肉串到蝸牛鍋任你挑戰，還能選擇升級版——龍蝦＋海鮮火鍋盛宴，讓你的舌尖與心情一起熱血奔騰！\r\n\r\n📅 行程安排：\r\n🕔 17:00｜導遊騎車來飯店接人（1 人配 1 騎士）\r\n🥟 17:30｜第一站：生春捲與越式煎餅\r\n🍖 18:00｜第二站：炭烤牛肉串與啤酒乾杯\r\n🐌 18:30｜第三站：越式蝸牛鍋（體驗當地飲食文化）\r\n🦞 19:30｜升級選項：海鮮龍蝦火鍋大餐\r\n🍧 20:30｜甜點站：椰子冰＋焦糖布丁\r\n🛵 21:00｜夜騎經典景點（西貢歌劇院、濱城市場）\r\n🕘 21:30｜送返飯店，行程結束', 1700, 40, 1, '2025-06-16 18:26:00', '2025-10-02 18:26:00', 159, '2025-06-13 18:26:00', NULL, '2025-06-08 18:26:00', '2025-06-10 18:26:00', 1),
(60, '河內街頭小吃半日遊｜巷弄內的經典越味嚐鮮之旅', 1, 5, 1, 1, '沉浸河內街頭美食文化，探索隱藏巷弄中的地道小吃，品嚐經典越式風味，體驗充滿活力的當地日常生活。', '來到河內，不鑽進巷子、不嘗小吃，就錯過了越南的一半滋味。本行程由地陪帶你深入在地人推薦的隱藏版美食地圖，不看觀光評論、不進連鎖餐廳，只吃「會讓本地人排隊」的真本事，一口一口認識這座城市的胃。\r\n\r\n📅 行程安排：\r\n🕓 16:00｜於老城區指定地點集合\r\n🍜 16:30｜第一站：牛肉河粉＋油條\r\n🍢 17:00｜第二站：炸春捲＋涼拌青木瓜沙拉\r\n🥤 17:30｜第三站：越式果凍飲 or 酸奶咖啡\r\n🥣 18:00｜第四站：雞絲粥 or 烤米紙餅（視季節提供）\r\n🍮 18:30｜甜點站：綜合豆花 or 椰子奶凍\r\n🕖 19:00｜行程結束，自由活動或導遊協助回程', 1400, 22, 1, '2025-06-19 18:26:00', '2025-09-26 18:26:00', 357, '2025-06-16 18:26:00', NULL, '2025-06-13 18:26:00', '2025-06-15 18:26:00', 1),
(61, '【越式小吃深度巡禮】河內老城步行導覽美食體驗', 1, 5, 1, 5, '漫步河內老城，細品各式越南小吃，由專業導覽帶領深入探索在地美食，感受最道地的風味與文化故事。', '你或許吃過越南河粉，但你知道它在哪條巷弄誕生、搭配什麼小吃才最道地嗎？這場美食巡禮將由在地達人帶你穿梭河內老城，從經典到冷門，從街邊攤到家庭秘方，重新定義你對「越式小吃」的想像。這不僅是味蕾的探險，更是文化的深度之旅。\r\n\r\n📅 行程安排：\r\n🕓 16:00｜集合於還劍湖附近，導遊簡介行程\r\n🍜 16:15｜第一站：原始河粉老店，品嚐清香湯頭與牛肉細切\r\n🥟 16:45｜第二站：蝸牛煎餅、越式炸春捲\r\n🥤 17:30｜第三站：街邊現榨甘蔗檸檬 or 酸奶咖啡\r\n🥣 18:00｜第四站：雞絲粥 or 蚵仔蛋餅米紙（視季節）\r\n🍮 18:30｜甜點站：三色豆花 or 椰奶凍\r\n🛍️ 19:00｜結束於夜市，自由活動或導遊協助回飯店', 2900, 18, 1, '2025-06-22 18:26:00', '2025-09-06 18:26:00', 1120, '2025-06-19 18:26:00', NULL, '2025-06-14 18:26:00', '2025-06-15 18:26:00', 1),
(62, '會安古鎮＆在地美食私人導覽半日遊｜文化小徑與舌尖冒險', 1, 5, 2, 7, '遊覽會安古鎮，走訪文化小徑，品嚐美食佳餚，感受古樸氛圍，夜晚燈光點綴更添浪漫，適合慢旅探索。', '歷史與食物，是會安最誘人的雙寶。這趟私人導覽，將帶你走進會安的黃牆巷弄、燈籠映照的古宅，穿插各式經典在地料理，從米紙卷到白玫瑰餛飩，每一口都蘊藏著文化。想認識這座古鎮，先從「吃」開始！\r\n\r\n📅 行程安排：\r\n🕘 09:00｜飯店集合，導遊介紹會安飲食史\r\n🍢 09:30｜漫步古鎮，邊走邊嚐白玫瑰水餃、炸米餅\r\n🏛️ 10:30｜參觀傳統老屋與華人會館\r\n🍜 11:00｜品嚐 Cao Lau（會安特色乾拌麵）\r\n🍹 11:45｜體驗手沖越式咖啡 or 甘蔗椰汁\r\n🎁 12:15｜自由選購紀念品與小吃\r\n🕐 12:30｜送返飯店或停留古鎮自由活動', 3000, 47, 1, '2025-06-15 18:26:00', '2025-07-19 18:26:00', 211, '2025-06-12 18:26:00', NULL, '2025-06-09 18:26:00', '2025-06-11 18:26:00', 1),
(63, '河內半日美食家之旅｜從早餐到甜點的在地全紀錄', 1, 5, 1, 5, '體驗河內美食家之旅，從道地早餐開始，一路品嚐越南經典美食，最後以甜點收尾，感受完整的味覺饗宴。', '這不是隨便的吃，是美食家的步調。從清晨開始，你將跟著內行人探訪河內的早晨靈魂──街邊早餐、百年老鋪、還有你從未聽過的點心組合，最終以甜點完美收尾。每一站都講究、每一口都值得筆記。\r\n\r\n📅 行程安排：\r\n🕘 08:00｜老城集合，步行啟程\r\n🍳 08:15｜第一站：越式煎蛋法包＋濃湯蘸醬\r\n🥣 09:00｜第二站：雞肉河粉或螺肉湯米線\r\n🥤 09:45｜第三站：咖啡老鋪體驗越南蛋咖啡\r\n🥟 10:30｜第四站：炸米糕與辣椒泡菜\r\n🍧 11:00｜甜點站：草莓冰＋焦糖奶凍 or 熱豆花\r\n🕛 11:30｜散步至還劍湖拍照，行程結束', 1200, 43, 1, '2025-06-17 18:26:00', '2025-10-02 18:26:00', 114, '2025-06-17 18:26:00', NULL, '2025-06-15 18:26:00', '2025-06-17 18:26:00', 1),
(64, '會安古鎮美食半日遊｜邊走邊吃＋附腳底按摩放鬆行程', 1, 5, 2, 7, '輕鬆漫遊會安古鎮，邊走邊嚐當地美食，旅程更包含舒適腳底按摩，身心放鬆之餘，深度感受古鎮魅力。', '這是專為「邊吃邊放鬆」設計的美食旅程。結合古鎮導覽與在地美食掃街，最後還附上一場舒壓的腳底按摩，讓你在舌尖滿足後也能身心解放。適合旅途中想放慢步伐、好好吃一餐又好好歇口氣的你。\r\n\r\n📅 行程安排：\r\n🕘 15:30｜於會安古鎮集合\r\n🍜 16:00｜第一站：米紙卷、炸餛飩＋甘蔗蝦\r\n🍝 16:45｜第二站：Cao Lau＋木瓜沙拉\r\n🍹 17:30｜街頭飲品：椰子咖啡 or 酸梅汁\r\n🎁 18:00｜自由閒逛夜色古鎮\r\n👣 18:30｜30 分鐘越式腳底按摩（含熱茶）\r\n🕘 19:00｜結束放鬆旅程，自由解散', 1600, 13, 1, '2025-06-22 18:26:00', '2025-08-14 18:26:00', 1062, '2025-06-21 18:26:00', NULL, '2025-06-20 18:26:00', '2025-06-21 18:26:00', 1),
(65, '【河內出發】海防美食文化一日遊｜城市探險＋必吃風味地圖', 1, 5, 1, 1, '海防美食探索之旅，暢遊城市風光，探訪當地市場與著名餐廳，品嚐必吃美食，體驗越南獨特飲食文化。', '想跳脫河內觀光圈，又想吃得正宗？那就到「越南北方的味覺首都」海防！這座港口城市既有殖民歷史風情，也有讓人難忘的鮮香海鮮小吃。全日由在地導遊陪同，深入巷弄與市場，一次解鎖城市風貌與味蕾雙體驗。\r\n\r\n📅 行程安排：\r\n🕘 08:00｜河內飯店出發，專車前往海防（約 2 小時）\r\n🍢 10:00｜抵達老街，品嚐炸蟹卷、蚌仔粥\r\n🏛️ 11:00｜參觀法式歌劇院與殖民建築街區\r\n🍱 12:30｜在地餐廳海鮮午餐（螃蟹米線、炭烤魚）\r\n🎨 14:00｜走訪當地市場與街頭點心區\r\n🧁 15:30｜下午茶：椰香甜糕與越式綠豆餅\r\n🚌 16:30｜專車返回河內\r\n🕕 18:30｜抵達飯店，行程圓滿', 2600, 25, 1, '2025-06-21 18:26:00', '2025-08-09 18:26:00', 1447, '2025-06-21 18:26:00', NULL, '2025-06-17 18:26:00', '2025-06-19 18:26:00', 1),
(66, '下龍灣 Hermes 五星遊輪兩天一夜之旅｜河內出發．頂級舒享海上假期', 2, 1, 1, 2, '搭乘 Hermes 五星遊輪，展開下龍灣兩天一夜奢華海上假期，享受頂級設施，飽覽壯麗海上奇石景觀。', '你值得一場海上的五星假期。在 Hermes Cruise 上，從房間就能望見下龍灣奇岩美景，白天安排獨木舟、浮潛、洞穴探險，夜晚則有豪華晚宴與甲板夜景。這艘遊輪不只優雅，更貼心，無論是親子、情侶還是朋友出行，都能享受寧靜又尊榮的體驗。\r\n\r\n📅 第1天：河內 ➜ 下龍灣 ➜ Luon 洞 & Titop 島\r\n🚌 08:00｜河內飯店接送出發\r\n🛥️ 11:30｜抵達下龍灣碼頭，登船享用迎賓飲品\r\n🍽️ 12:30｜開船航行並享用午餐，欣賞海上岩景\r\n🛶 15:00｜划獨木舟探索 Luon 洞／搭船觀景\r\n🏝️ 16:00｜登 Titop 島登高拍照或海灘戲水\r\n🌅 18:00｜甲板觀日落 Happy Hour\r\n🍷 19:30｜享用浪漫晚宴，含精緻海鮮料理\r\n🎣 21:00｜夜釣墨魚或自由休息\r\n\r\n📅 第2天：下龍灣 ➜ Sung Sot 驚訝洞 ➜ 河內\r\n🌞 06:30｜晨間太極課程（選擇參加）\r\n☕ 07:00｜享用輕食早餐\r\n🗿 08:00｜參觀 Sung Sot 洞，體驗鐘乳石奇觀\r\n🍽️ 09:30｜返回船上享用早午餐\r\n🚐 11:30｜下船後專車返回河內\r\n🕒 15:00｜抵達飯店，行程結束', 5200, 14, 2, '2025-06-17 18:26:00', '2025-09-20 18:26:00', 767, '2025-06-15 18:26:00', NULL, '2025-06-10 18:26:00', '2025-06-13 18:26:00', 1),
(67, '【北越熱銷】下龍灣2天1夜遊輪假期｜五星/六星多款頂級郵輪任選', 2, 1, 1, 2, '北越精選遊輪體驗，探索下龍灣壯闊風景，享受五星或六星級郵輪服務，從美食到活動皆是一場頂級饗宴。', '這是一場專為「懂得比較」的你設計的遊輪假期！從經典的五星 Hermes 到六星級 Ambassador，品牌任選、體驗不變：海景客房、洞穴奇觀、海上餐宴，每一艘船都讓你用不同方式，愛上下龍灣的千岩萬水。\r\n\r\n📅 第1天：河內 ➜ 下龍灣登船 ➜ 活動島嶼與洞穴探險\r\n🚌 08:00｜河內專車接送出發\r\n🛳️ 11:30｜抵達下龍碼頭，登船迎賓\r\n🍽️ 12:30｜啟航同時享用午餐\r\n🛶 15:00｜獨木舟、游泳或沙灘活動（依品牌不同）\r\n🏝️ 17:00｜登島拍照、觀夕陽\r\n🍷 19:00｜晚宴：越南或國際料理選擇\r\n🕯️ 21:00｜音樂表演或夜釣體驗\r\n\r\n📅 第2天：遊覽結束 ➜ 返回河內\r\n🌞 06:30｜晨練＋早餐\r\n🗿 08:00｜參觀鐘乳石洞／遊覽村落\r\n🍽️ 09:30｜退房並享用早午餐\r\n🚌 11:30｜下船，返回河內\r\n🕒 15:00｜抵達市區，結束行程', 4400, 30, 2, '2025-06-16 18:26:00', '2025-08-13 18:26:00', 573, '2025-06-16 18:26:00', NULL, '2025-06-12 18:26:00', '2025-06-13 18:26:00', 1),
(68, '【精選推薦】下龍灣豪華遊輪一日遊｜多品牌自由選擇・五星體驗', 2, 1, 1, 2, '豪華遊輪一日遊，彈性選擇多家品牌，體驗五星級設施，航行於下龍灣壯麗水域，悠享海上美景。', '時間有限？那就挑一日精華航程，坐擁五星級服務也不錯過下龍灣的壯麗。搭配專屬品牌遊輪、精選午餐、經典洞穴與島嶼巡遊，從早到晚都有專人服務，是商務出差後小放鬆或家庭輕旅行的完美選擇。\r\n\r\n📅 行程安排：\r\n🕘 08:00｜河內出發，搭乘專車前往下龍灣\r\n🛳️ 11:00｜登船並享用迎賓飲品\r\n🍽️ 12:00｜享用精緻午餐＋啟航\r\n🛶 13:30｜划船或小艇前往 Luon 洞／浮潛區域\r\n🗻 15:00｜參觀 Ti Top 島／驚訝洞（品牌依船公司調整）\r\n🍰 16:00｜船上下午茶時光\r\n🛥️ 17:00｜返回港口，專車接送\r\n🕗 20:00｜抵達河內飯店，行程結束', 5400, 25, 1, '2025-06-21 18:26:00', '2025-09-10 18:26:00', 884, '2025-06-21 18:26:00', NULL, '2025-06-20 18:26:00', '2025-06-23 18:26:00', 1),
(69, '天堂 Elegance 優雅號遊輪｜下龍灣兩天一夜海景假期', 2, 1, 1, 2, '搭乘 Elegance 優雅號遊輪，航行於下龍灣，兩天一夜沉浸海上美景，享受舒適客艙與精緻美食饗宴。', '乘上天堂 Elegance 號，是一種生活態度：靜謐、質感、無干擾的浪漫。擁有私人陽台的海景艙、少人數客製航程、專屬 Butler 服務，這不只是遊輪，是一場「住在下龍灣裡」的深度旅行。\r\n\r\n📅 第1天：河內 ➜ 下龍灣登船 ➜ 島嶼與海活動\r\n🚌 08:00｜河內出發專車接送\r\n🛳️ 11:30｜登船、迎賓飲料與安全講解\r\n🍽️ 12:30｜甲板午餐＋開啟航程\r\n🚣 15:00｜小船探訪 Vung Vieng 漁村 or 洞穴\r\n🏖️ 17:00｜甲板 Happy Hour ＋日落雞尾酒\r\n🍷 19:00｜多道式法越晚宴\r\n🎶 21:00｜鋼琴表演或夜間活動\r\n\r\n📅 第2天：晨曦遊覽 ➜ 返回河內\r\n🌞 06:30｜日出觀景＋太極晨練\r\n🍞 07:00｜早餐\r\n🗿 08:00｜探索自然景點（如驚訝洞）\r\n🥐 09:30｜Brunch 時光與退房\r\n🛥️ 11:30｜下船返回\r\n🕒 15:00｜回到河內飯店', 4000, 35, 2, '2025-06-16 18:26:00', '2025-07-24 18:26:00', 1215, '2025-06-14 18:26:00', NULL, '2025-06-10 18:26:00', '2025-06-11 18:26:00', 1),
(70, 'Ambassador 國賓大使號｜下龍灣2天1夜遊輪體驗・海上Villa＋美食饗宴', 2, 1, 1, 2, '搭乘 Ambassador 國賓大使號，體驗海上 Villa 奢華住宿，品嚐精緻料理，享受兩天一夜尊貴遊輪之旅。', '一艘船，一座浮在海上的宮殿。Ambassador 是下龍灣唯一主打六星體驗的豪華遊輪，每間房像 Villa 般寬敞，晚餐由星級主廚打造，還有現場演奏、無邊際甲板與水療設施，讓你體驗「浮誇級」享受，奢華也可以很詩意。\r\n\r\n📅 第1天：登船 ➜ 奢華海上生活啟航\r\n🚌 08:00｜專車從河內出發\r\n🚢 11:30｜登上 Ambassador 號，享用迎賓酒\r\n🍽️ 12:30｜船上高級午餐＋海景巡航\r\n🛶 15:00｜獨木舟探索海蝕洞／漁村（品牌路線）\r\n🛀 17:00｜SPA、無邊際甲板拍照＋音樂酒會\r\n🍷 19:00｜主廚設計晚宴（可選龍蝦套餐）\r\n🎻 20:30｜現場小提琴演出／甲板夜拍\r\n\r\n📅 第2天：日出與探訪 ➜ 優雅下船\r\n🌅 06:30｜晨光瑜珈或太極＋輕食早餐\r\n🗿 08:00｜參觀驚訝洞或秘密島嶼\r\n🥐 09:30｜Brunch & 下船準備\r\n🚌 11:30｜車程返回河內\r\n🕒 15:00｜結束難忘海上假期', 3800, 32, 2, '2025-06-18 18:26:00', '2025-10-11 18:26:00', 400, '2025-06-16 18:26:00', NULL, '2025-06-13 18:26:00', '2025-06-15 18:26:00', 1),
(71, 'Grand Pioneers 大先鋒六星郵輪｜下龍灣兩日遊・尊貴頂級航程', 2, 1, 1, 2, '尊享 Grand Pioneers 六星遊輪，探索下龍灣壯麗奇景，沉浸海上尊貴航程，感受奢華舒適的度假時光。', '若你渴望的不只是遊輪旅行，而是一場身分象徵與品味兼具的尊榮體驗，那麼 Grand Pioneers 將是你的不二之選。作為少數頂級六星郵輪之一，大先鋒以奢華設計、私人化服務與細膩餐飲為核心，搭配專屬航線與深度景點，讓下龍灣化身你專屬的海上宮廷。\r\n\r\n📅 第1天：河內 ➜ 下龍灣登船 ➜ 專屬景點巡航\r\n🚌 08:00｜河內飯店專車出發\r\n🛳️ 11:30｜抵達專屬碼頭，登船迎賓雞尾酒＋香氛毛巾\r\n🍽️ 12:30｜高空景觀餐廳午餐，遊輪開始航行\r\n🏝️ 15:00｜造訪私人無人沙灘，SUP/獨木舟自由選\r\n📸 17:00｜黃金日落拍照時段，甲板香檳享受\r\n🍷 19:00｜精緻六道式晚宴，由米其林主廚設計\r\n🎻 20:30｜室內音樂廳欣賞小型樂團現場演出\r\n🛌 22:00｜夜宿海上私人艙房（附陽台與浴缸）\r\n\r\n📅 第2天：晨光探索 ➜ 下船返回\r\n🌅 06:30｜晨光甲板瑜珈＋茶點\r\n🗿 08:00｜參觀下龍灣隱藏版鐘乳石洞（避開人潮）\r\n🥐 09:30｜享用海景早午餐\r\n🚐 11:00｜優雅退房下船，專車接送返程\r\n🕒 15:00｜抵達河內，旅程圓滿落幕', 3700, 0, 2, '2025-06-21 18:26:00', '2025-09-25 18:26:00', 349, '2025-06-18 18:26:00', NULL, '2025-06-17 18:26:00', '2025-06-19 18:26:00', 1),
(72, 'Ambassador 國賓大使號｜下龍灣兩天一夜過夜遊輪旅程', 2, 1, 1, 2, '在國賓大使號上度過兩天一夜，感受典雅海上假期，探索下龍灣奇景，享受高級設施與美食饗宴。', '在海上過一夜，是旅人的浪漫；但在 Ambassador 國賓大使號過夜，是人生值得收藏的奢華。這艘匠心打造的遊輪擁有極致寬敞的海景艙、全景式玻璃餐廳、無邊際甲板與現場音樂廳，無論你來自哪座城市，登上 Ambassador，世界將為你靜止。\r\n\r\n📅 第1天：登船 ➜ 島嶼探險 ➜ 美食盛宴\r\n🚌 08:00｜河內飯店接送出發\r\n🚢 11:30｜登船並享用香檳迎賓\r\n🍽️ 12:30｜豪華自助午餐／半自助精選套餐\r\n🏞️ 15:00｜搭乘小船參觀浮村、洞穴或天然沙灘（依氣候安排）\r\n🏖️ 17:00｜甲板 Sunset Lounge，享受 Happy Hour\r\n🍷 19:00｜主廚設計晚宴，含龍蝦套餐與現場鋼琴演出\r\n🎶 21:00｜海上音樂廳 Live Jazz Show or 夜間夜釣活動\r\n\r\n📅 第2天：自然探索 ➜ 返程\r\n🌄 06:30｜晨光下的太極課程或散步觀景\r\n🥐 07:00｜輕食早餐\r\n🗿 08:00｜參觀鐘乳石洞或 Titop 島\r\n🍽️ 09:30｜退房後享用早午餐\r\n🛥️ 11:00｜回到港口，準備上車\r\n🕒 15:00｜專車抵達河內飯店，行程結束', 5200, 21, 2, '2025-06-15 18:26:00', '2025-08-29 18:26:00', 765, '2025-06-13 18:26:00', NULL, '2025-06-10 18:26:00', '2025-06-12 18:26:00', 1),
(73, '蘭下灣世界遺產之旅｜兩天一夜五星級豪華遊輪體驗', 2, 1, 1, 5, '蘭下灣世界遺產探索，搭乘五星級豪華遊輪航行兩天一夜，欣賞夢幻海景，感受靜謐而優雅的旅行氛圍。', '⚓ 第 1 天｜河內 → 蘭下灣啟航\r\n08:00 🚐 專車接送，從河內出發前往碼頭\r\n12:00 🍹 登上五星級豪華遊輪，享受迎賓飲品與船上設施\r\n14:30 🏝️ 巡遊蘭下灣世界遺產區，欣賞奇石景觀與原始島嶼美景\r\n16:00 🚣‍♀️ 乘船探索鐘乳石洞，近距離欣賞天然奇景\r\n18:00 🌅 在甲板欣賞海上日落，感受寧靜的浪漫時刻\r\n19:30 🍽️ 享用海鮮晚宴，品嚐船上精緻料理\r\n21:00 🎶 參加夜間娛樂活動，如調酒課程、卡拉 OK 或夜釣魷魚\r\n🌊 第 2 天｜海上探索 → 返回河內\r\n06:00 ☀️ 甲板晨曦瑜伽，迎接清晨的寧靜\r\n07:30 🍳 早餐後前往浮村，探索當地漁民文化\r\n10:00 🚣‍♂️ 乘竹筏遊覽海灣，欣賞寧靜的水上風光\r\n12:00 🍽️ 午餐後啟程返回碼頭\r\n14:30 🚐 專車送返河內，行程圓滿結束\r\n\r\n【Athena 雅典娜皇家號】下龍灣兩天一夜＆三天兩夜奢華郵輪假期\r\n⛵ 第 1 天｜河內 → 下龍灣豪華啟航\r\n09:00 🚐 專車前往碼頭，登上雅典娜皇家號\r\n12:00 🍹 迎賓飲品與午宴，享受甲板海景\r\n15:00 🏝️ 探索下龍灣奇石、鐘乳石洞與沙灘秘境\r\n17:00 🌅 欣賞日落，參加船上雞尾酒派對\r\n19:00 🍽️ 晚宴與音樂表演，享受極致豪華體驗\r\n🌊 第 2 天｜海上探險 → 返回河內或延長假期\r\n06:00 🧘‍♂️ 船上晨間瑜伽與早餐\r\n08:00 🚣‍♂️ 探訪海上浮村，體驗漁民生活\r\n11:30 🍽️ 午餐後可選擇返回河內或繼續三天兩夜行程\r\n🏝 第 3 天｜探索隱秘小島與深度海洋體驗（3 天行程）\r\n08:00 🚤 快艇前往秘境海灘，享受浮潛與水上活動\r\n12:00 🍛 品嚐傳統漁村午餐，體驗在地美食\r\n15:00 🛏️ 返回船上，享受 SPA 舒壓體驗\r\n19:00 🍽️ 豪華晚宴與燭光甲板音樂會\r\n翌日返回河內，行程圓滿結束\r\n\r\n【河內 La Belle Spa 體驗】深層放鬆與芳香按摩推薦\r\n🌿 10:00｜抵達 La Belle Spa，迎賓花草茶\r\n享受沉靜療癒氛圍，準備迎接放鬆時光。\r\n🧘 10:30｜深層精油按摩\r\n選擇薰衣草、茉莉或檀香精油，釋放肌肉壓力。\r\n🧖 12:00｜蒸氣浴與香氛薰陶\r\n利用蒸氣浴打開毛孔，搭配草本香氛，身心全面舒展。\r\n🍵 13:00｜養生茶與甜點\r\n享用健康茶飲與輕食，體驗極致舒適享受。\r\n🕒 14:30｜返回市區，行程結束\r\n\r\n【河內 SERENE Spa】沉靜系芳療空間．高評價舒壓享受\r\n🏡 09:30｜進入 Serene Spa，享受迎賓放鬆時光\r\n沉浸在寧靜環境中，品嚐天然花草茶。\r\n💆 10:00｜全身舒壓按摩\r\n透過溫和推壓技術釋放疲勞，恢復身心活力。\r\n🧖 11:30｜草本熱敷與頭部放鬆\r\n利用天然植物敷袋排毒，感受身體能量平衡。\r\n🍽️ 12:30｜健康輕食與茶道體驗\r\n品嚐美味小點與香醇茶飲，結束療癒之旅。\r\n🕒 14:00｜返回市區，行程圓滿結束\r\n\r\n【胡志明 AMY Spa】第一郡城市綠洲按摩體驗\r\n🌿 10:00｜抵達 AMY Spa，迎賓茶飲\r\n進入胡志明市中心的寧靜放鬆空間，享受迎賓茶。\r\n🧖 10:30｜身心平衡按摩\r\n專業按摩師透過指壓與香氛精油，緩解壓力與疲憊。\r\n💆 12:00｜臉部護理與去角質療程\r\n使用天然精華液進行護理，使肌膚透亮。\r\n🍵 13:30｜養生飲品與輕食\r\n品嚐手作水果茶與營養小點，補充能量。\r\n🕒 15:00｜返回飯店，結束療癒時光\r\n\r\n【河內 Kadupul Spa 體驗】身心平衡的水療之選\r\n🌿 09:30｜迎賓靜心茶道\r\n享受寧靜氛圍，調整呼吸，準備迎接水療體驗。\r\n💆 10:00｜頂級能量按摩\r\n透過舒緩按摩技術，調整身心平衡，消除疲勞。\r\n🧖 11:30｜蒸氣浴與熱石療法\r\n搭配草藥蒸氣與熱石按摩，提升放鬆效果。\r\n🍵 12:30｜健康茶飲與美食\r\n品味溫泉區提供的養生茶與營養餐點，享受純淨放鬆。\r\n🕒 14:00｜行程結束，回到市區\r\n\r\n這樣的行程安排應該符合你的需求！每筆都詳細規劃、易於複製使用，如有任何調整需求，請隨時告訴我 😃', 5100, 35, 2, '2025-06-19 18:26:00', '2025-09-08 18:26:00', 1208, '2025-06-17 18:26:00', NULL, '2025-06-15 18:26:00', '2025-06-18 18:26:00', 1),
(74, 'Athena 雅典娜皇家號｜下龍灣三天兩夜奢華郵輪假期', 2, 1, 1, 2, 'Athena 皇家號遊輪，奢華航程兩天或三天，深入探索下龍灣，享受高級住宿與豐富活動，締造尊榮假期。', '⛵ 第 1 天｜河內 → 下龍灣豪華啟航\r\n09:00 🚐 專車前往碼頭，登上雅典娜皇家號\r\n12:00 🍹 迎賓飲品與午宴，享受甲板海景\r\n15:00 🏝️ 探索下龍灣奇石、鐘乳石洞與沙灘秘境\r\n17:00 🌅 欣賞日落，參加船上雞尾酒派對\r\n19:00 🍽️ 晚宴與音樂表演，享受極致豪華體驗\r\n🌊 第 2 天｜海上探險 → 返回河內或延長假期\r\n06:00 🧘‍♂️ 船上晨間瑜伽與早餐\r\n08:00 🚣‍♂️ 探訪海上浮村，體驗漁民生活\r\n11:30 🍽️ 午餐後可選擇返回河內或繼續三天兩夜行程\r\n🏝 第 3 天｜探索隱秘小島與深度海洋體驗（3 天行程）\r\n08:00 🚤 快艇前往秘境海灘，享受浮潛與水上活動\r\n12:00 🍛 品嚐傳統漁村午餐，體驗在地美食\r\n15:00 🛏️ 返回船上，享受 SPA 舒壓體驗\r\n19:00 🍽️ 豪華晚宴與燭光甲板音樂會\r\n翌日返回河內，行程圓滿結束', 3100, 6, 3, '2025-06-21 18:26:00', '2025-08-01 18:26:00', 1458, '2025-06-18 18:26:00', NULL, '2025-06-15 18:26:00', '2025-06-17 18:26:00', 1),
(75, '河內 La Belle Spa 體驗｜深層放鬆與芳香按摩推薦', 2, 2, 1, 5, '沉浸河內 La Belle Spa 體驗，專業芳香按摩深度放鬆，享受寧靜氛圍，釋放疲憊，讓身心重獲平衡。', '🌿 10:00｜抵達 La Belle Spa，迎賓花草茶\r\n享受沉靜療癒氛圍，準備迎接放鬆時光。\r\n🧘 10:30｜深層精油按摩\r\n選擇薰衣草、茉莉或檀香精油，釋放肌肉壓力。\r\n🧖 12:00｜蒸氣浴與香氛薰陶\r\n利用蒸氣浴打開毛孔，搭配草本香氛，身心全面舒展。\r\n🍵 13:00｜養生茶與甜點\r\n享用健康茶飲與輕食，體驗極致舒適享受。\r\n🕒 14:30｜返回市區，行程結束\r\n\r\n', 3800, 6, 1, '2025-06-16 18:26:00', '2025-09-07 18:26:00', 950, '2025-06-16 18:26:00', NULL, '2025-06-15 18:26:00', '2025-06-18 18:26:00', 1),
(76, '河內 SERENE Spa｜沉靜系芳療空間．高評價舒壓享受', 2, 2, 1, 1, 'SERENE Spa 帶來靜謐舒壓享受，高品質芳療服務讓人放鬆身心，深層按摩提供極致舒適，感受療癒時光。', '🏡 09:30｜進入 Serene Spa，享受迎賓放鬆時光\r\n沉浸在寧靜環境中，品嚐天然花草茶。\r\n💆 10:00｜全身舒壓按摩\r\n透過溫和推壓技術釋放疲勞，恢復身心活力。\r\n🧖 11:30｜草本熱敷與頭部放鬆\r\n利用天然植物敷袋排毒，感受身體能量平衡。\r\n🍽️ 12:30｜健康輕食與茶道體驗\r\n品嚐美味小點與香醇茶飲，結束療癒之旅。\r\n🕒 14:00｜返回市區，行程圓滿結束\r\n\r\n【胡志明 AMY Spa】第一郡城市綠洲按摩體驗\r\n🌿 10:00｜抵達 AMY Spa，迎賓茶飲\r\n進入胡志明市中心的寧靜放鬆空間，享受迎賓茶。\r\n🧖 10:30｜身心平衡按摩\r\n專業按摩師透過指壓與香氛精油，緩解壓力與疲憊。\r\n💆 12:00｜臉部護理與去角質療程\r\n使用天然精華液進行護理，使肌膚透亮。\r\n🍵 13:30｜養生飲品與輕食\r\n品嚐手作水果茶與營養小點，補充能量。\r\n🕒 15:00｜返回飯店，結束療癒時光\r\n\r\n【河內 Kadupul Spa 體驗】身心平衡的水療之選\r\n🌿 09:30｜迎賓靜心茶道\r\n享受寧靜氛圍，調整呼吸，準備迎接水療體驗。\r\n💆 10:00｜頂級能量按摩\r\n透過舒緩按摩技術，調整身心平衡，消除疲勞。\r\n🧖 11:30｜蒸氣浴與熱石療法\r\n搭配草藥蒸氣與熱石按摩，提升放鬆效果。\r\n🍵 12:30｜健康茶飲與美食\r\n品味溫泉區提供的養生茶與營養餐點，享受純淨放鬆。\r\n🕒 14:00｜行程結束，回到市區\r\n\r\n這樣的行程安排應該符合你的需求！每筆都詳細規劃、易於複製使用，如有任何調整需求，請隨時告訴我 😃', 2400, 0, 1, '2025-06-18 18:26:00', '2025-09-15 18:26:00', 337, '2025-06-15 18:26:00', NULL, '2025-06-14 18:26:00', '2025-06-17 18:26:00', 1),
(77, '胡志明 AMY Spa｜第一郡城市綠洲按摩體驗', 2, 2, 3, 10, '胡志明市 AMY Spa，都市綠洲般的按摩體驗，提供專業放鬆療程，讓身體煥然一新，享受寧靜的舒壓旅程。', '🌿 10:00｜抵達 AMY Spa，迎賓茶飲\r\n進入胡志明市中心的寧靜放鬆空間，享受迎賓茶。\r\n🧖 10:30｜身心平衡按摩\r\n專業按摩師透過指壓與香氛精油，緩解壓力與疲憊。\r\n💆 12:00｜臉部護理與去角質療程\r\n使用天然精華液進行護理，使肌膚透亮。\r\n🍵 13:30｜養生飲品與輕食\r\n品嚐手作水果茶與營養小點，補充能量。\r\n🕒 15:00｜返回飯店，結束療癒時光\r\n\r\n【河內 Kadupul Spa 體驗】身心平衡的水療之選\r\n🌿 09:30｜迎賓靜心茶道\r\n享受寧靜氛圍，調整呼吸，準備迎接水療體驗。\r\n💆 10:00｜頂級能量按摩\r\n透過舒緩按摩技術，調整身心平衡，消除疲勞。\r\n🧖 11:30｜蒸氣浴與熱石療法\r\n搭配草藥蒸氣與熱石按摩，提升放鬆效果。\r\n🍵 12:30｜健康茶飲與美食\r\n品味溫泉區提供的養生茶與營養餐點，享受純淨放鬆。\r\n🕒 14:00｜行程結束，回到市區\r\n\r\n這樣的行程安排應該符合你的需求！每筆都詳細規劃、易於複製使用，如有任何調整需求，請隨時告訴我 😃', 1300, 2, 1, '2025-06-16 18:26:00', '2025-09-25 18:26:00', 1141, '2025-06-14 18:26:00', NULL, '2025-06-13 18:26:00', '2025-06-16 18:26:00', 1),
(78, '河內 Kadupul Spa 體驗｜身心平衡的水療之選', 2, 2, 1, 5, 'Kadupul Spa 體驗，融合身心平衡概念，透過精油按摩與水療放鬆疲憊，在河內享受極致舒適的養生時光。', '🌿 09:30｜迎賓靜心茶道\r\n享受寧靜氛圍，調整呼吸，準備迎接水療體驗。\r\n💆 10:00｜頂級能量按摩\r\n透過舒緩按摩技術，調整身心平衡，消除疲勞。\r\n🧖 11:30｜蒸氣浴與熱石療法\r\n搭配草藥蒸氣與熱石按摩，提升放鬆效果。\r\n🍵 12:30｜健康茶飲與美食\r\n品味溫泉區提供的養生茶與營養餐點，享受純淨放鬆。\r\n🕒 14:00｜行程結束，回到市區\r\n\r\n這樣的行程安排應該符合你的需求！每筆都詳細規劃、易於複製使用，如有任何調整需求，請隨時告訴我 😃', 2900, 38, 1, '2025-06-15 18:26:00', '2025-10-02 18:26:00', 1411, '2025-06-12 18:26:00', NULL, '2025-06-07 18:26:00', '2025-06-08 18:26:00', 1),
(79, '會安 La Luna Spa｜招牌指壓＋音療放鬆．永續概念體驗', 2, 2, 2, 7, '會安 La Luna Spa，專業指壓與音療按摩，結合永續概念，讓旅客在放鬆之餘，也感受身心靜謐的療癒。', '🌿 09:00｜抵達 La Luna Spa，迎賓茶飲\r\n進入靜謐的會安水療中心，品嚐迎賓茶，享受芳香空間帶來的放鬆感。\r\n💆 09:30｜招牌指壓按摩療程\r\n由專業按摩師提供深層指壓技術，釋放肌肉壓力，提升血液循環，適合長途旅行後舒緩身體。\r\n🎶 11:00｜音療放鬆體驗\r\n進入專屬音療室，透過低頻震動與輕柔音樂平衡身心狀態，帶來深度放鬆效果。\r\n🍵 12:30｜輕食＋茶道時光\r\n品嚐健康小點與有機茶飲，補充能量並享受寧靜時刻。\r\n🕒 14:00｜永續概念交流＋行程結束\r\n了解 Spa 的永續經營理念，如何運用天然材料與環保技術，結束這場兼具療癒與環保的美好體驗。', 2200, 35, 1, '2025-06-20 18:26:00', '2025-09-24 18:26:00', 1173, '2025-06-20 18:26:00', NULL, '2025-06-15 18:26:00', '2025-06-17 18:26:00', 1),
(80, '河內 L\'essence Spa｜頂級舒壓療程．附免費小點心', 2, 2, 1, 5, 'L\'essence Spa 頂級舒壓療程，在河內享受精緻按摩與芳香療法，旅程更附贈小點心，讓放鬆更添愜意。', '🏡 10:00｜抵達 L\'essence Spa，迎賓精油體驗\r\n沉浸在高級 Spa 的迷人氛圍，導覽介紹不同療法與香氛選擇。\r\n🧖 10:30｜熱石療法＋深層按摩\r\n透過熱石按摩紓解身體疲勞，搭配舒緩精油帶來極致放鬆感。\r\n🌿 12:00｜草本蒸氣浴與放鬆時刻\r\n進入蒸氣房，透過草本薰香提升呼吸順暢度，體驗深層排毒。\r\n🍮 13:30｜茶點＋甜點享受\r\n品味 Spa 提供的免費茶飲與精緻甜點，如果乾與堅果，讓放鬆時光更添美好。\r\n🕒 15:00｜返回市區，行程結束\r\n\r\n【富國島凡爾賽泥漿 Spa 體驗】門票含泥浴＋舒緩按摩\r\n🚐 09:00｜專車接送至凡爾賽泥漿 Spa\r\n前往富國島著名的泥漿療癒中心，迎接一天的放鬆旅程。\r\n💆 10:00｜泥漿浴＋身體療養\r\n浸泡於富含礦物質的泥漿池，促進新陳代謝，使肌膚煥然一新。\r\n♨️ 11:30｜溫泉水療按摩\r\n搭配水流按摩技術，促進血液循環，消除疲勞與壓力。\r\n🍹 13:00｜健康飲食與果汁補充\r\n享用輕食與現榨果汁，補充天然維生素與水分。\r\n🌅 14:30｜戶外景觀休憩\r\n在 Spa 設施外漫步，欣賞富國島獨有的熱帶花園，感受寧靜氛圍。\r\n🕒 16:00｜返回飯店，結束療癒時光\r\n\r\n【會安療癒目的地 Spa 體驗】感受靜心與香氛的結合\r\n🌿 10:00｜抵達會安 Spa，迎賓花草茶\r\n進入寧靜的療癒空間，品味花草茶，準備迎接身心靜養旅程。\r\n🧘 10:30｜靜心冥想與精油吸嗅\r\n由導師帶領深度冥想，搭配精油吸嗅，幫助放鬆心靈並舒緩壓力。\r\n💆 12:00｜芳香療法按摩\r\n選擇適合自己的香氛，如茉莉、檀香或柑橘精油，享受專業按摩師帶來的舒壓體驗。\r\n🍵 13:30｜養生茶與輕食\r\n品嚐有機茶飲與低糖輕食，補充能量，維持身心平衡。\r\n🕒 15:00｜感受最後的靜謐時光，行程結束\r\n\r\n【峴港樹木 Spa 體驗】結合自然與身體能量的芳療行程\r\n🌳 09:30｜抵達 Spa，享受迎賓自然茶飲\r\n步入綠意盎然的樹木 Spa，品味有機茶，感受大自然帶來的寧靜氛圍。\r\n💆 10:30｜能量按摩療法\r\n透過溫和的推壓技術與天然植物油，調整身體能量場，消除疲勞與緊繃。\r\n🧖 12:00｜森林蒸氣浴與泥敷\r\n體驗由森林植物萃取的泥敷面膜與蒸氣浴，促進肌膚淨化與保養。\r\n🍽️ 13:30｜健康輕食與冥想時間\r\n品嚐以天然食材製成的低糖點心，搭配靜心冥想，享受極致的平衡感。\r\n🕒 15:00｜自然漫步＋行程結束\r\n在 Spa 附近的天然步道上漫步，感受樹林與流水帶來的療癒力量，返回市區結束旅程。\r\n\r\n這樣的行程安排應該符合你的需求！每筆 Spa 體驗都規劃完整，易於複製使用，如有任何調整需求，請隨時告訴我 😃', 2800, 0, 1, '2025-04-09 18:26:00', '2025-06-23 18:26:00', 1132, '2025-04-07 18:26:00', NULL, '2025-04-05 18:26:00', '2025-04-06 18:26:00', 1),
(81, '富國島凡爾賽泥漿 Spa 體驗｜門票含泥浴＋舒緩按摩', 2, 2, 1, 14, '富國島凡爾賽泥漿 Spa，享受獨特泥浴與舒緩按摩，放鬆身心，體驗富國島的天然療癒旅程。', '🚐 09:00｜專車接送至凡爾賽泥漿 Spa\r\n前往富國島著名的泥漿療癒中心，迎接一天的放鬆旅程。\r\n💆 10:00｜泥漿浴＋身體療養\r\n浸泡於富含礦物質的泥漿池，促進新陳代謝，使肌膚煥然一新。\r\n♨️ 11:30｜溫泉水療按摩\r\n搭配水流按摩技術，促進血液循環，消除疲勞與壓力。\r\n🍹 13:00｜健康飲食與果汁補充\r\n享用輕食與現榨果汁，補充天然維生素與水分。\r\n🌅 14:30｜戶外景觀休憩\r\n在 Spa 設施外漫步，欣賞富國島獨有的熱帶花園，感受寧靜氛圍。\r\n🕒 16:00｜返回飯店，結束療癒時光\r\n\r\n【會安療癒目的地 Spa 體驗】感受靜心與香氛的結合\r\n🌿 10:00｜抵達會安 Spa，迎賓花草茶\r\n進入寧靜的療癒空間，品味花草茶，準備迎接身心靜養旅程。\r\n🧘 10:30｜靜心冥想與精油吸嗅\r\n由導師帶領深度冥想，搭配精油吸嗅，幫助放鬆心靈並舒緩壓力。\r\n💆 12:00｜芳香療法按摩\r\n選擇適合自己的香氛，如茉莉、檀香或柑橘精油，享受專業按摩師帶來的舒壓體驗。\r\n🍵 13:30｜養生茶與輕食\r\n品嚐有機茶飲與低糖輕食，補充能量，維持身心平衡。\r\n🕒 15:00｜感受最後的靜謐時光，行程結束\r\n\r\n【峴港樹木 Spa 體驗】結合自然與身體能量的芳療行程\r\n🌳 09:30｜抵達 Spa，享受迎賓自然茶飲\r\n步入綠意盎然的樹木 Spa，品味有機茶，感受大自然帶來的寧靜氛圍。\r\n💆 10:30｜能量按摩療法\r\n透過溫和的推壓技術與天然植物油，調整身體能量場，消除疲勞與緊繃。\r\n🧖 12:00｜森林蒸氣浴與泥敷\r\n體驗由森林植物萃取的泥敷面膜與蒸氣浴，促進肌膚淨化與保養。\r\n🍽️ 13:30｜健康輕食與冥想時間\r\n品嚐以天然食材製成的低糖點心，搭配靜心冥想，享受極致的平衡感。\r\n🕒 15:00｜自然漫步＋行程結束\r\n在 Spa 附近的天然步道上漫步，感受樹林與流水帶來的療癒力量，返回市區結束旅程。\r\n\r\n這樣的行程安排應該符合你的需求！每筆 Spa 體驗都規劃完整，易於複製使用，如有任何調整需求，請隨時告訴我 😃', 4000, 19, 1, '2025-06-18 18:26:00', '2025-09-07 18:26:00', 1308, '2025-06-18 18:26:00', NULL, '2025-06-17 18:26:00', '2025-06-18 18:26:00', 1),
(82, '會安療癒目的地 Spa 體驗｜感受靜心與香氛的結合', 2, 2, 2, 7, '會安療癒 Spa，結合靜心與香氛，讓身心獲得深度放鬆，感受平靜與舒適的獨特養生體驗。', '🌿 10:00｜抵達會安 Spa，迎賓花草茶\r\n進入寧靜的療癒空間，品味花草茶，準備迎接身心靜養旅程。\r\n🧘 10:30｜靜心冥想與精油吸嗅\r\n由導師帶領深度冥想，搭配精油吸嗅，幫助放鬆心靈並舒緩壓力。\r\n💆 12:00｜芳香療法按摩\r\n選擇適合自己的香氛，如茉莉、檀香或柑橘精油，享受專業按摩師帶來的舒壓體驗。\r\n🍵 13:30｜養生茶與輕食\r\n品嚐有機茶飲與低糖輕食，補充能量，維持身心平衡。\r\n🕒 15:00｜感受最後的靜謐時光，行程結束\r\n\r\n【峴港樹木 Spa 體驗】結合自然與身體能量的芳療行程\r\n🌳 09:30｜抵達 Spa，享受迎賓自然茶飲\r\n步入綠意盎然的樹木 Spa，品味有機茶，感受大自然帶來的寧靜氛圍。\r\n💆 10:30｜能量按摩療法\r\n透過溫和的推壓技術與天然植物油，調整身體能量場，消除疲勞與緊繃。\r\n🧖 12:00｜森林蒸氣浴與泥敷\r\n體驗由森林植物萃取的泥敷面膜與蒸氣浴，促進肌膚淨化與保養。\r\n🍽️ 13:30｜健康輕食與冥想時間\r\n品嚐以天然食材製成的低糖點心，搭配靜心冥想，享受極致的平衡感。\r\n🕒 15:00｜自然漫步＋行程結束\r\n在 Spa 附近的天然步道上漫步，感受樹林與流水帶來的療癒力量，返回市區結束旅程。\r\n\r\n這樣的行程安排應該符合你的需求！每筆 Spa 體驗都規劃完整，易於複製使用，如有任何調整需求，請隨時告訴我 😃', 3200, 4, 1, '2025-06-20 18:26:00', '2025-08-20 18:26:00', 384, '2025-06-18 18:26:00', NULL, '2025-06-14 18:26:00', '2025-06-15 18:26:00', 1),
(83, '峴港樹木 Spa 體驗｜結合自然與身體能量的芳療行程', 2, 2, 2, 6, '峴港樹木 Spa，以自然能量為基礎，融合芳療與按摩，讓身體與心靈達到平衡與放鬆。', '🌳 09:30｜抵達 Spa，享受迎賓自然茶飲\r\n步入綠意盎然的樹木 Spa，品味有機茶，感受大自然帶來的寧靜氛圍。\r\n💆 10:30｜能量按摩療法\r\n透過溫和的推壓技術與天然植物油，調整身體能量場，消除疲勞與緊繃。\r\n🧖 12:00｜森林蒸氣浴與泥敷\r\n體驗由森林植物萃取的泥敷面膜與蒸氣浴，促進肌膚淨化與保養。\r\n🍽️ 13:30｜健康輕食與冥想時間\r\n品嚐以天然食材製成的低糖點心，搭配靜心冥想，享受極致的平衡感。\r\n🕒 15:00｜自然漫步＋行程結束\r\n在 Spa 附近的天然步道上漫步，感受樹林與流水帶來的療癒力量，返回市區結束旅程。', 1400, 36, 1, '2025-06-19 18:26:00', '2025-09-01 18:26:00', 1378, '2025-06-19 18:26:00', NULL, '2025-06-17 18:26:00', '2025-06-20 18:26:00', 1),
(84, '富國島玫瑰 Spa 體驗｜King Kong Mart 區高評價按摩服務', 2, 2, 4, 14, '富國島玫瑰 Spa，高評價按摩服務，位於 King Kong Mart 區，專業技法帶來極致舒適享受。', '🌺 10:00｜抵達玫瑰 Spa，迎賓茶飲\r\n踏入富國島最受好評的舒壓天堂，享受芳香迎賓茶，準備展開極致放鬆旅程。\r\n💆 10:30｜全身芳香精油按摩\r\n選擇玫瑰、薰衣草或柑橘精油，由專業按摩師進行深層放鬆，緩解旅途疲憊。\r\n🌿 12:00｜草藥熱敷療法\r\n透過熱草藥袋敷身，促進血液循環，紓解肌肉緊繃，享受深層療癒效果。\r\n🧖 13:00｜蒸氣浴＋面部護理\r\n進入草本蒸氣室，清潔毛孔與舒緩身心，之後搭配玫瑰面膜護理，讓肌膚煥然一新。\r\n🍵 14:00｜養生茶與輕食\r\n品嚐花草茶與健康輕食，如新鮮水果拼盤與堅果點心，讓身體補充能量。\r\n🕑 15:00｜返回市區，行程結束\r\n結束這場極致放鬆的 Spa 體驗，回到市區感受身心焕然一新。', 4000, 26, 1, '2025-06-20 18:26:00', '2025-08-20 18:26:00', 1481, '2025-06-17 18:26:00', NULL, '2025-06-16 18:26:00', '2025-06-19 18:26:00', 1),
(85, '芽莊 I-Resort 溫泉度假村門票｜天然礦泉＋泥漿水療體驗', 2, 3, 2, 8, '芽莊 I-Resort 溫泉度假村，提供天然礦泉與泥漿水療，讓旅客感受越南溫泉的獨特魅力。', '🚐 09:00｜專車接送至溫泉度假村\r\n乘坐舒適接駁車抵達 I-Resort，迎接一整天的放鬆時光。\r\n💆 10:00｜泥漿浴深度療養\r\n浸泡富含礦物質的泥漿池，讓肌膚得到滋養，感受天然水療的獨特療效。\r\n♨️ 11:30｜溫泉放鬆泡湯\r\n享受不同溫度的礦泉泡湯，紓解疲勞，提升身體循環，體驗天然療癒力量。\r\n🍽️ 13:00｜健康午餐時光\r\n品嚐越南風味料理，如海鮮粥、清爽沙拉與熱帶果汁，讓身體獲得最佳養分。\r\n🌳 14:30｜花園漫步與冥想時刻\r\n在度假村內的自然花園散步，深呼吸新鮮空氣，感受綠意盎然的寧靜氛圍。\r\n🕒 16:00｜泡湯最後享受＋行程結束\r\n再次回到溫泉區，感受水流按摩的療癒效果，為這場放鬆之旅畫下完美句點。', 1200, 6, 1, '2025-06-19 18:26:00', '2025-10-13 18:26:00', 1436, '2025-06-16 18:26:00', NULL, '2025-06-12 18:26:00', '2025-06-13 18:26:00', 1),
(86, '峴港三日月水上樂園門票｜親子歡樂首選・泡湯與戲水一次滿足', 2, 3, 2, 6, '峴港三日月水上樂園，親子歡樂首選，泡湯與戲水一次滿足，享受愉快的水上冒險時光。', '🎢 09:00｜樂園開園，入場迎賓\r\n進入峴港三日月水上樂園，感受刺激的遊樂設施與家庭友善的水上活動。\r\n🏊‍♂️ 10:00｜漂流河與水滑梯挑戰\r\n搭乘漂流河，感受溫柔水流，也可挑戰高速滑水道，體驗歡樂與刺激並存的冒險。\r\n🍹 12:00｜泳池畔午餐放鬆\r\n在樂園內的海灘風情餐廳品嚐美食，如熱帶水果飲料、炸蝦與椰子飯，補充玩樂所需的能量。\r\n💦 13:30｜兒童戲水區與泡湯放鬆\r\n帶孩子前往親子水上區域，讓小朋友享受玩水樂趣，成人則可轉往溫泉區舒緩身心。\r\n🎭 15:30｜水上秀與音樂表演\r\n觀賞現場音樂與水舞表演，為這場水上冒險增添更多美好回憶。\r\n🕒 17:00｜行程結束，返回市區\r\n搭乘接駁車返回市中心，結束這場適合全家的水上樂園時光。', 2300, 16, 1, '2025-06-20 18:26:00', '2025-07-31 18:26:00', 779, '2025-06-18 18:26:00', NULL, '2025-06-17 18:26:00', '2025-06-20 18:26:00', 1),
(87, '峴港 Nui Than Tai 溫泉樂園｜泡湯、滑水、天然熱泉一票暢玩', 2, 3, 2, 6, '峴港 Nui Than Tai 溫泉樂園，結合泡湯、滑水與天然熱泉，適合喜愛水上活動的旅客。', '🚐 09:00｜抵達溫泉樂園，領取門票\r\n進入峴港 Nui Than Tai 溫泉樂園，迎接一天的放鬆與刺激體驗。\r\n🌊 10:00｜滑水道與漂流河冒險\r\n挑戰樂園內的高速滑水道與水上漂流，感受清涼水流與歡樂氣氛。\r\n♨️ 12:00｜天然溫泉泡湯\r\n浸泡於富含礦物質的天然溫泉池，體驗遠離都市喧囂的寧靜與舒適。\r\n🍛 13:30｜美味越南料理午餐\r\n品嚐越南傳統料理，如鮮蝦春捲與香茅燒雞，補充元氣迎接下午的精彩活動。\r\n🧖 15:00｜草本蒸氣浴＋水療按摩\r\n步入草藥蒸氣室，享受熱氣帶來的身心舒緩，並可選擇水療按摩服務，深度放鬆肌肉。\r\n🕒 17:00｜行程結束，返回市區\r\n搭乘接駁車回到峴港市中心，帶著滿滿回憶結束這場溫泉與玩水的完美旅程。', 1700, 26, 1, '2025-06-17 18:26:00', '2025-07-24 18:26:00', 777, '2025-06-17 18:26:00', NULL, '2025-06-15 18:26:00', '2025-06-17 18:26:00', 1),
(88, '橫子溫泉礦泉浴門票｜體驗越南傳統泡湯文化', 2, 3, 1, 2, '橫子溫泉礦泉浴，體驗越南傳統泡湯文化，感受當地獨特的溫泉養生方式。', '🚐 09:00｜抵達橫子溫泉，入場簡介\r\n進入橫子溫泉區，聆聽導覽解說越南的泡湯文化與療癒方式。\r\n♨️ 10:00｜礦泉養生泡湯\r\n浸泡在天然礦泉池中，吸收豐富微量元素，享受身心靜養時光。\r\n🧘 11:30｜草藥浴與身心平衡體驗\r\n嘗試獨特的草本藥浴，透過熱水與藥草促進身體循環，恢復最佳狀態。\r\n🍽 13:00｜輕食午餐與茶道體驗\r\n品味溫泉區提供的健康飲食，如花草茶與養生湯，感受越南養生之道。\r\n🌿 14:30｜戶外放鬆與深呼吸冥想\r\n在天然溫泉園區漫步，感受寧靜環境，讓心靈徹底放鬆。\r\n🕒 16:00｜行程結束，返回市區\r\n帶著全身舒暢的感受，結束這場療癒之旅，回到都市充滿活力。', 2600, 20, 1, '2025-06-19 18:26:00', '2025-09-29 18:26:00', 428, '2025-06-17 18:26:00', NULL, '2025-06-16 18:26:00', '2025-06-19 18:26:00', 1),
(89, 'Minera 溫泉門票（平洲）｜自然放鬆礦泉湯池一日遊', 2, 3, 3, 10, 'Minera 溫泉，坐落於平洲，提供自然放鬆的礦泉湯池，適合悠閒的養生一日遊。', '🌿 08:00｜集合與入場\r\n抵達 Minera 溫泉，領取門票，導覽介紹溫泉設施與療癒體驗。\r\n♨️ 09:00｜礦泉湯池放鬆\r\n步入溫泉區，浸泡富含礦物質的療養池，舒緩身心疲憊，感受大自然的呵護。\r\n🧘‍♂️ 11:00｜芳香療法與水療按摩\r\n選擇精油泡湯或水療按摩，享受由專業人士提供的深度舒壓服務。\r\n🍽️ 12:30｜健康午餐時光\r\n品嚐清淡營養餐點，如越南養生湯與天然果茶，補充活力，維持身心平衡。\r\n🌳 14:00｜森林漫步與冥想時刻\r\n在溫泉園區內漫步，欣賞綠意盎然的景色，進行冥想與深呼吸，讓身心徹底放鬆。\r\n🕒 16:00｜泡湯最後享受＋行程結束\r\n再次回到溫泉池，體驗不同溫度與療效的湯池，感受溫暖水流帶來的療癒。\r\n🕕 17:00｜返回市區，行程圓滿結束\r\n\r\n【Alba Thanh Tan 溫泉樂園】順化高空 Zipline＋Highwire 體驗＋熱湯放鬆\r\n🎢 08:00｜抵達樂園，行程介紹\r\n領取門票與安全設備，導覽講解高空活動與溫泉區域的特色。\r\n🧗 09:00｜Highwire 高空挑戰\r\n穿戴安全裝置，挑戰空中繩索步道，體驗懸掛於樹梢的刺激冒險。\r\n🌉 10:30｜Zipline 高速滑行\r\n從高塔一躍而下，滑翔越過森林與溪流，感受高速滑行帶來的刺激與自由感。\r\n♨️ 12:00｜溫泉泡湯放鬆\r\n回到溫泉區，享受療癒泡湯，紓解刺激活動後的緊張肌肉。\r\n🍲 13:30｜健康午餐與果汁補充\r\n品嚐樂園提供的健康料理與新鮮果汁，補充能量，準備悠閒的午後時光。\r\n🌿 15:00｜戶外溫泉＋花草精油池\r\n沉浸於花草溫泉池，享受獨特的療養水質，感受大自然的滋養。\r\n🕒 17:00｜返回市區，行程圓滿結束\r\n\r\n【芽莊泥漿溫泉半日遊】天然水療＋中英韓語導覽｜泡湯舒壓首選\r\n🚐 08:30｜接送至溫泉區\r\n專車接送至芽莊泥漿溫泉，導覽簡介溫泉療法與泥漿池特色。\r\n💆 09:30｜泥漿浴體驗\r\n浸泡於富含礦物質的泥漿池，促進血液循環，讓肌膚柔嫩光滑。\r\n🌊 10:30｜溫泉水療＋按摩\r\n轉往溫泉區，享受水流按摩，讓溫暖泉水紓解壓力與肌肉疲勞。\r\n🍍 11:30｜熱帶果汁＋養生點心\r\n品嚐健康小點與椰子果汁，補充養分，體驗越南獨有的溫泉文化。\r\n🕛 12:30｜行程結束，送返市區\r\n專車返回市區，感受這場放鬆療癒之旅的美好。\r\n\r\n【河內 Anam QT 水療中心體驗】高評價香氛療癒之旅\r\n🏡 09:00｜抵達水療中心，迎賓茶點\r\n進入 Anam QT 水療中心，品嚐迎賓茶，感受寧靜舒適氛圍。\r\n🧘‍♀️ 10:00｜芳香療法按摩\r\n選擇薰衣草、檀香或柑橘精油，享受深度舒壓按摩，釋放累積的壓力與緊繃。\r\n🌿 11:30｜熱石療法＋草藥蒸氣浴\r\n體驗熱石按摩與草藥蒸氣，促進身體循環，排除體內毒素，達到極致放鬆效果。\r\n🍵 12:30｜養生茶與小點心時光\r\n品嚐花草茶與健康輕食，與水療師交流療法心得。\r\n🕛 14:00｜行程結束，回到市區\r\n感受全身焕然一新的愉悅狀態，返回市中心。\r\n\r\n【富國島 6 日團體遊】太陽世界＋珍珠樂園＋野生動物園＋快艇跳島＋日落小鎮全覽\r\n🌴 第 1~2 天｜珍珠樂園＋動物園探索\r\n享受富國島珍珠樂園的水上遊樂設施與刺激活動，探索野生動物園的異國動物生態。\r\n🚤 第 3~4 天｜快艇跳島與水上冒險\r\n乘快艇穿越海洋，登陸秘境島嶼，浮潛探索海底世界，感受清澈海水的迷人魅力。\r\n🌅 第 5~6 天｜日落小鎮巡禮＋自由活動\r\n漫遊富國島最美的小鎮，看夕陽映照海岸，品嚐道地海鮮料理，享受悠閒時光。\r\n\r\n這樣的行程應該符合你的需求！每筆都詳細且易於複製使用，如有調整需求請告訴我 😃', 1300, 24, 1, '2025-06-19 18:26:00', '2025-09-15 18:26:00', 1482, '2025-06-17 18:26:00', NULL, '2025-06-12 18:26:00', '2025-06-15 18:26:00', 1),
(90, 'Alba Thanh Tan 溫泉樂園｜順化高空 Zipline＋Highwire 體驗＋熱湯放鬆', 2, 3, 2, 9, 'Alba Thanh Tan 溫泉樂園，包含高空 Zipline、Highwire 體驗與溫泉放鬆，享受刺激與舒適的完美結合。', '🎢 08:00｜抵達樂園，行程介紹\r\n領取門票與安全設備，導覽講解高空活動與溫泉區域的特色。\r\n🧗 09:00｜Highwire 高空挑戰\r\n穿戴安全裝置，挑戰空中繩索步道，體驗懸掛於樹梢的刺激冒險。\r\n🌉 10:30｜Zipline 高速滑行\r\n從高塔一躍而下，滑翔越過森林與溪流，感受高速滑行帶來的刺激與自由感。\r\n♨️ 12:00｜溫泉泡湯放鬆\r\n回到溫泉區，享受療癒泡湯，紓解刺激活動後的緊張肌肉。\r\n🍲 13:30｜健康午餐與果汁補充\r\n品嚐樂園提供的健康料理與新鮮果汁，補充能量，準備悠閒的午後時光。\r\n🌿 15:00｜戶外溫泉＋花草精油池\r\n沉浸於花草溫泉池，享受獨特的療養水質，感受大自然的滋養。\r\n🕒 17:00｜返回市區，行程圓滿結束\r\n\r\n【芽莊泥漿溫泉半日遊】天然水療＋中英韓語導覽｜泡湯舒壓首選\r\n🚐 08:30｜接送至溫泉區\r\n專車接送至芽莊泥漿溫泉，導覽簡介溫泉療法與泥漿池特色。\r\n💆 09:30｜泥漿浴體驗\r\n浸泡於富含礦物質的泥漿池，促進血液循環，讓肌膚柔嫩光滑。\r\n🌊 10:30｜溫泉水療＋按摩\r\n轉往溫泉區，享受水流按摩，讓溫暖泉水紓解壓力與肌肉疲勞。\r\n🍍 11:30｜熱帶果汁＋養生點心\r\n品嚐健康小點與椰子果汁，補充養分，體驗越南獨有的溫泉文化。\r\n🕛 12:30｜行程結束，送返市區\r\n專車返回市區，感受這場放鬆療癒之旅的美好。\r\n\r\n【河內 Anam QT 水療中心體驗】高評價香氛療癒之旅\r\n🏡 09:00｜抵達水療中心，迎賓茶點\r\n進入 Anam QT 水療中心，品嚐迎賓茶，感受寧靜舒適氛圍。\r\n🧘‍♀️ 10:00｜芳香療法按摩\r\n選擇薰衣草、檀香或柑橘精油，享受深度舒壓按摩，釋放累積的壓力與緊繃。\r\n🌿 11:30｜熱石療法＋草藥蒸氣浴\r\n體驗熱石按摩與草藥蒸氣，促進身體循環，排除體內毒素，達到極致放鬆效果。\r\n🍵 12:30｜養生茶與小點心時光\r\n品嚐花草茶與健康輕食，與水療師交流療法心得。\r\n🕛 14:00｜行程結束，回到市區\r\n感受全身焕然一新的愉悅狀態，返回市中心。\r\n\r\n【富國島 6 日團體遊】太陽世界＋珍珠樂園＋野生動物園＋快艇跳島＋日落小鎮全覽\r\n🌴 第 1~2 天｜珍珠樂園＋動物園探索\r\n享受富國島珍珠樂園的水上遊樂設施與刺激活動，探索野生動物園的異國動物生態。\r\n🚤 第 3~4 天｜快艇跳島與水上冒險\r\n乘快艇穿越海洋，登陸秘境島嶼，浮潛探索海底世界，感受清澈海水的迷人魅力。\r\n🌅 第 5~6 天｜日落小鎮巡禮＋自由活動\r\n漫遊富國島最美的小鎮，看夕陽映照海岸，品嚐道地海鮮料理，享受悠閒時光。\r\n\r\n這樣的行程應該符合你的需求！每筆都詳細且易於複製使用，如有調整需求請告訴我 😃', 2600, 45, 1, '2025-06-22 18:26:00', '2025-08-05 18:26:00', 662, '2025-06-19 18:26:00', NULL, '2025-06-16 18:26:00', '2025-06-17 18:26:00', 1),
(91, '芽莊泥漿溫泉半日遊｜天然水療＋中英韓語導覽｜泡湯舒壓首選', 2, 3, 2, 8, '芽莊泥漿溫泉，天然水療首選，結合中英韓語導覽，讓旅客輕鬆享受泡湯的舒壓體驗。', '🚐 08:30｜接送至溫泉區\r\n專車接送至芽莊泥漿溫泉，導覽簡介溫泉療法與泥漿池特色。\r\n💆 09:30｜泥漿浴體驗\r\n浸泡於富含礦物質的泥漿池，促進血液循環，讓肌膚柔嫩光滑。\r\n🌊 10:30｜溫泉水療＋按摩\r\n轉往溫泉區，享受水流按摩，讓溫暖泉水紓解壓力與肌肉疲勞。\r\n🍍 11:30｜熱帶果汁＋養生點心\r\n品嚐健康小點與椰子果汁，補充養分，體驗越南獨有的溫泉文化。\r\n🕛 12:30｜行程結束，送返市區\r\n專車返回市區，感受這場放鬆療癒之旅的美好。', 3400, 34, 1, '2025-06-15 18:26:00', '2025-08-28 18:26:00', 1260, '2025-06-14 18:26:00', NULL, '2025-06-10 18:26:00', '2025-06-13 18:26:00', 1),
(92, '河內 Anam QT 水療中心體驗｜高評價香氛療癒之旅', 2, 4, 1, 1, '河內 Anam QT 水療中心，高評價香氛療癒之旅，提供多種芳療選擇，打造放鬆舒適的感官享受。', '🏡 09:00｜抵達水療中心，迎賓茶點\r\n進入 Anam QT 水療中心，品嚐迎賓茶，感受寧靜舒適氛圍。\r\n🧘‍♀️ 10:00｜芳香療法按摩\r\n選擇薰衣草、檀香或柑橘精油，享受深度舒壓按摩，釋放累積的壓力與緊繃。\r\n🌿 11:30｜熱石療法＋草藥蒸氣浴\r\n體驗熱石按摩與草藥蒸氣，促進身體循環，排除體內毒素，達到極致放鬆效果。\r\n🍵 12:30｜養生茶與小點心時光\r\n品嚐花草茶與健康輕食，與水療師交流療法心得。\r\n🕛 14:00｜行程結束，回到市區\r\n感受全身焕然一新的愉悅狀態，返回市中心。', 3400, 41, 1, '2025-06-21 18:26:00', '2025-08-07 18:26:00', 861, '2025-06-20 18:26:00', NULL, '2025-06-18 18:26:00', '2025-06-19 18:26:00', 1),
(93, '富國島 6 日團體遊｜太陽世界＋珍珠樂園＋野生動物園＋快艇跳島＋日落小鎮全覽', 2, 5, 4, 14, '富國島 6 日團體遊，涵蓋太陽世界、珍珠樂園、野生動物園、快艇跳島與日落小鎮，飽覽島嶼精彩景點。', '📍 第 1 天｜抵達富國島 → 探索太陽世界主題樂園\r\n🛬 09:00｜抵達富國島機場\r\n抵達熱帶天堂，享受迎賓飲品與導覽介紹，準備展開精彩旅程。\r\n🎡 11:00｜暢玩太陽世界主題樂園\r\n探索富國島最大的遊樂園，挑戰雲霄飛車🎢、摩天輪🎡與水上樂園🏊‍♂️，感受刺激與歡樂氛圍。\r\n🍽 13:00｜特色午餐\r\n享用園內美食，包括海鮮燒烤與越南南部特色料理，補充體力迎接下午時光。\r\n🏝 15:00｜沙灘漫步與自由探索\r\n漫步海邊，欣賞蔚藍海岸，感受陽光與沙灘的溫柔觸感。\r\n🌅 18:00｜夕陽海景晚餐\r\n選擇濱海餐廳，品味鮮美海鮮，伴隨夕陽美景，享受富國島的浪漫氛圍。\r\n🛏 20:00｜返回飯店休息\r\n結束第一天的探索，準備迎接接下來的精彩旅程。\r\n\r\n📍 第 2 天｜珍珠樂園全日暢玩\r\n🏰 09:00｜進入珍珠樂園，開啟奇幻冒險\r\n享受充滿童話氛圍的樂園設施，適合各年齡層的遊樂項目，從雲霄飛車到水上滑梯，應有盡有。\r\n🐠 11:00｜水族館探索\r\n近距離欣賞海洋生物，觀看震撼的美人魚表演，感受水下世界的神秘魅力。\r\n🍜 13:00｜美食街午餐\r\n走進園內美食街，品嚐越南道地美食，如法棍三明治🥖、椰子咖啡☕與春捲🥢。\r\n🎭 15:30｜文化演出與夜間燈光秀\r\n觀看越南傳統舞蹈與水上燈光秀，感受異國文化氛圍，留下深刻印象。\r\n🕖 18:30｜返回飯店休息\r\n\r\n📍 第 3 天｜野生動物園探險\r\n🦁 08:30｜前往富國島動物園\r\n這座野生動物園保育多種珍稀動物，如白虎🐅、長頸鹿🦒與大象🐘，讓旅客近距離觀察。\r\n🚙 10:30｜遊園車探索生態環境\r\n搭乘園內專車，穿梭熱帶雨林，欣賞動物自然棲息地，感受真實的野生環境。\r\n🍽 12:30｜叢林風味餐廳\r\n品嚐野趣十足的特色午餐，享受熱帶水果與越式燒烤。\r\n🌳 14:00｜與動物互動體驗\r\n親手餵食長頸鹿、觀賞猴子嬉戲，參與保育講座，了解動物保護的重要性。\r\n🕔 16:00｜返回飯店休息\r\n\r\n📍 第 4 天｜快艇跳島探索秘境\r\n🚤 09:00｜快艇啟航，展開跳島探險\r\n乘坐高速快艇，前往富國島周邊秘境小島，探索未受污染的自然天堂。\r\n🤿 10:30｜浮潛與海底生態探索\r\n跳入蔚藍海域，欣賞色彩繽紛的珊瑚礁與熱帶魚群，感受海底世界的魅力。\r\n🏝 12:00｜秘境海灘野餐\r\n抵達僻靜沙灘，享受野餐時光，品嚐新鮮烤魚與熱帶水果🍍🥥。\r\n🛶 14:30｜獨木舟與水上活動\r\n划獨木舟、SUP 立槳挑戰，感受水上運動的樂趣。\r\n🕔 17:00｜返回飯店，輕鬆享受夜晚\r\n\r\n📍 第 5 天｜日落小鎮巡禮，慢遊島嶼文化\r\n🏙 09:00｜前往日落小鎮，漫遊小巷風情\r\n步入充滿歐式風情的小鎮，探索手工藝品店與藝術街區，感受優雅慢旅氛圍。\r\n🥂 11:00｜咖啡館小憩，品味越南風情\r\n坐在海岸邊的露天咖啡館，品味濃郁越南咖啡，欣賞悠閒生活步調。\r\n🎶 14:00｜音樂表演與文化交流\r\n觀賞當地樂團演出，聆聽越南傳統樂曲，享受融合現代與古典的音樂氛圍。\r\n🌅 17:30｜日落海濱晚餐\r\n迎接旅程最美的日落時刻，在海岸邊享用燭光晚餐，為富國島之旅畫上美麗句點。\r\n\r\n📍 第 6 天｜自由活動 → 返回河內\r\n☀️ 08:00｜自由時光與最後探索\r\n享受個人時間，可選擇再逛市場、購買紀念品或漫步海邊，留下美好回憶。\r\n🛫 12:00｜前往機場，返回河內\r\n搭機返回，結束富國島 6 日夢幻旅程，留下滿滿珍貴回憶！', 3900, 6, 6, '2025-06-22 18:26:00', '2025-08-04 18:26:00', 1213, '2025-06-19 18:26:00', NULL, '2025-06-18 18:26:00', '2025-06-21 18:26:00', 1),
(94, '河內半日舊城區觀光＋自行車導覽｜漫遊歷史街區與當地生活', 3, 1, 1, 5, '河內舊城區自行車導覽，漫遊歷史街區，深入探索當地文化與風情，感受悠閒自在的旅程。', '🚴‍♂️ 08:00｜集合與騎行準備\r\n在河內市中心集合，導遊講解今日路線，調整自行車與防護裝備，準備出發。\r\n🏛️ 08:30｜漫遊 36 古街與還劍湖\r\n騎車穿梭河內舊城區，感受法式建築與越南傳統街道交融的獨特氛圍。沿途拍攝湖畔美景與當地市集日常。\r\n🍜 09:30｜品嚐美食與咖啡時光\r\n停留在地市場，品嚐熱騰騰的河粉與越南滴漏咖啡，探索當地人的日常飲食文化。\r\n🏯 10:30｜文廟與胡志明陵寢巡禮\r\n騎行至越南最具歷史意義的建築群，聆聽導遊解說，捕捉百年遺跡的壯麗畫面。\r\n🚴‍♂️ 11:30｜悠遊街巷，感受慢生活\r\n自由探索巷弄，觀察當地生活方式，記錄河內的文化與風情。\r\n🕛 12:00｜行程結束，返回市中心\r\n騎行回到集合點，回顧一場充滿故事與美景的舊城探索之旅。', 1200, 0, 1, '2025-06-18 18:26:00', '2025-09-11 18:26:00', 639, '2025-06-16 18:26:00', NULL, '2025-06-11 18:26:00', '2025-06-13 18:26:00', 1),
(95, '芽莊城市風光自行車之旅｜體驗慢步調濱海風情', 3, 1, 2, 8, '芽莊城市風光自行車行程，騎行慢遊海岸，感受濱海風情，體驗當地生活的獨特魅力。', '🚴‍♂️ 08:00｜集合與騎行準備\r\n導遊介紹行程，測試自行車設備，準備展開輕鬆的濱海漫遊旅程。\r\n🌊 08:30｜海濱大道騎行\r\n騎乘沿著芽莊美麗海岸線，欣賞湛藍海景與海風輕拂，拍攝濱海風光。\r\n🐚 09:30｜停留當地漁村\r\n造訪漁民生活區，觀察傳統漁業文化，體驗海鮮市場的熱鬧氛圍。\r\n🏝️ 10:30｜秘境沙灘休憩\r\n停留隱藏版沙灘，放鬆身心，享受陽光與海浪，並拍攝旅途美景。\r\n🍽️ 11:30｜特色午餐時光\r\n品嚐海鮮風味料理，如烤蝦、椰子飯與越式燒烤，體驗芽莊的獨特海洋風味。\r\n🕛 12:30｜返回市區，行程結束\r\n騎行回到集合點，結束悠閒的海岸騎行之旅。', 2200, 14, 1, '2025-06-18 18:26:00', '2025-09-20 18:26:00', 631, '2025-06-15 18:26:00', NULL, '2025-06-11 18:26:00', '2025-06-13 18:26:00', 1),
(96, '芽莊定制版自行車行程｜贈送椰子水＋圓錐帽｜在地慢旅最佳選擇', 3, 1, 2, 8, '芽莊定制版自行車遊，贈送椰子水與圓錐帽，深入探索當地文化，輕鬆享受慢旅的悠閒時光。', '🚴 08:00｜集合與騎行準備\r\n領取圓錐帽與椰子水，調整自行車設備，準備輕鬆展開在地探索之旅。\r\n🏝️ 08:30｜騎行至濱海隱秘景點\r\n避開主要觀光路線，前往較少遊客到訪的海灘與秘境小徑，享受寧靜氛圍。\r\n🍍 09:30｜當地農場體驗\r\n造訪果園，品嚐新鮮椰子水與熱帶水果，感受芽莊的田園風情。\r\n🎨 10:30｜傳統工藝村巡禮\r\n觀察越南傳統手工藝，如編織、陶藝等，體驗手工製作過程。\r\n🍽️ 11:30｜在地小吃與休閒時光\r\n品嚐地方特色料理，如蝦餅與越式炒麵，享受慢旅的舒適節奏。\r\n🕛 12:30｜返回集合點，行程結束\r\n回到市中心，這場充滿地方風味的定制旅程完美落幕。', 4000, 29, 1, '2025-06-20 18:26:00', '2025-09-04 18:26:00', 363, '2025-06-20 18:26:00', NULL, '2025-06-16 18:26:00', '2025-06-19 18:26:00', 1),
(97, '順化香水河＋鄉村小道半日遊｜結合船遊與單車導覽', 3, 1, 2, 9, '順化香水河與鄉村小道，結合船遊與單車導覽，深入探索自然與鄉間生活的交融之美。', '🚣‍♂️ 08:00｜登船啟航香水河\r\n搭乘傳統船隻，沿香水河漂流，欣賞兩岸寧靜的鄉村風光，拍攝河岸倒影。\r\n🚴‍♂️ 09:30｜單車鄉村探索\r\n騎行穿越鄉村小徑，經過稻田與古村落，感受順化的原始魅力。\r\n🏯 10:30｜參訪順化皇家遺跡\r\n造訪百年古寺與歷史遺址，拍攝富含文化氛圍的建築細節。\r\n🍚 11:30｜在地午餐與交流\r\n品嚐農村傳統料理，如炊飯與越南風味湯品，深入體驗當地生活方式。\r\n🕛 12:30｜返回市區，行程結束\r\n搭船回到集合點，這趟深度文化之旅圓滿落幕。', 2700, 29, 1, '2025-06-17 18:26:00', '2025-10-04 18:26:00', 167, '2025-06-15 18:26:00', NULL, '2025-06-12 18:26:00', '2025-06-13 18:26:00', 1),
(98, '胡志明市蔡讓水上市場＋古芝地道一日遊｜自行車騎行＋歷史探秘', 3, 1, 3, 10, '胡志明市蔡讓水上市場與古芝地道，騎行探索當地市場，深入了解歷史文化，感受地道越南風情。', '🚴 07:00｜集合與騎行準備\r\n領取自行車，準備騎往水上市場，展開獨特的文化探索之旅。\r\n🛶 08:00｜水上市場體驗\r\n抵達蔡讓水上市場，乘船穿梭於攤販之間，拍攝船隻交易的熱鬧景象。\r\n🥤 09:30｜品嚐市場小吃與越南咖啡\r\n在船上品嚐當地特色料理，如椰子糖與甘蔗汁，感受市場風情。\r\n🏛️ 11:00｜古芝地道歷史巡禮\r\n騎行前往古芝地道區，聆聽戰爭故事，體驗模擬地道穿越，了解游擊隊戰術。\r\n🌿 13:30｜享用游擊隊午餐\r\n品嚐戰時食物，如烤地瓜與木薯，感受歷史遺留的飲食文化。\r\n🕛 15:00｜返回胡志明市，行程圓滿結束\r\n乘車返回市中心，結束這場歷史與文化探索之旅。', 2500, 38, 1, '2025-05-24 18:26:00', '2025-06-29 18:26:00', 1123, '2025-05-21 18:26:00', NULL, '2025-05-20 18:26:00', '2025-05-21 18:26:00', 1),
(99, '河內摩托＋吉普文化之旅｜深入街頭美食與在地文化探訪', 3, 2, 1, 5, '河內摩托與吉普文化探訪，深入街頭美食與當地文化，體驗充滿活力的都市生活。', '🏍️ 08:00｜集合與簡介\r\n乘坐復古吉普車或摩托車，準備展開河內文化巡禮，導遊將介紹當地特色與歷史。\r\n🛵 09:00｜街頭美食之旅\r\n穿越老街巷弄，停留在地市場，品嚐傳統河內早餐，如熱騰騰的河粉與法棍三明治。\r\n🏙️ 10:30｜探訪歷史地標\r\n前往還劍湖、文廟，欣賞百年建築與湖畔倒影，聆聽河內的過去與現代交融故事。\r\n🌆 12:00｜午餐時光\r\n品嚐當地特色美食，如越式烤肉、蝦餅與甘蔗汁，感受純正的北越風味。\r\n🚙 14:00｜深入當地文化\r\n參訪手工藝村，觀察傳統製陶技術，體驗越南文化的細膩與獨特魅力。\r\n🕒 16:00｜返回起點，行程圓滿結束\r\n結束半日的探索，回顧河內的美食、歷史與人文故事。', 3700, 50, 1, '2025-06-15 18:26:00', '2025-07-28 18:26:00', 562, '2025-06-15 18:26:00', NULL, '2025-06-14 18:26:00', '2025-06-16 18:26:00', 1),
(100, '胡志明市摩托車一日遊｜從西貢老城到巷弄美食全收錄', 3, 2, 3, 10, '胡志明市摩托車遊，騎行西貢老城與巷弄，探索隱藏的美食與地道景點，感受獨特城市魅力。', '🛵 08:00｜集合出發\r\n乘坐摩托車，展開西貢文化探索之旅，導遊將帶領深入城市角落。\r\n🏙️ 09:00｜歷史地標巡禮\r\n探訪中央郵局、粉紅教堂與西貢歌劇院，欣賞法式建築與殖民地風格街道。\r\n🌮 11:00｜美食探索\r\n前往當地隱藏版餐館，品嚐河粉、春捲與椰子咖啡，體驗地道越南美食文化。\r\n🏛️ 13:00｜西貢市場漫遊\r\n走進傳統市場，感受熱鬧氛圍，購買特色伴手禮或手工藝品。\r\n🎡 15:30｜城市景觀探索\r\n騎行前往湄公河畔，欣賞夕陽映照河面的壯麗美景。\r\n🕒 18:00｜結束行程\r\n返回住宿，回顧一天的美好西貢文化之旅。', 1800, 33, 1, '2025-06-22 18:26:00', '2025-08-30 18:26:00', 463, '2025-06-21 18:26:00', NULL, '2025-06-19 18:26:00', '2025-06-21 18:26:00', 1),
(101, '西貢經典城市巡禮｜摩托車慢遊歷史與風情', 3, 2, 3, 10, '西貢經典城市巡禮，摩托車慢遊，細品歷史風情，感受越南都市的獨特韻味與活力。', '🛵 08:30｜集合與行前介紹\r\n騎乘摩托車，穿梭西貢老城，導遊介紹城市故事與景點歷史。\r\n🏛️ 10:00｜深入法式建築街區\r\n參觀歌劇院、中央郵局與西貢聖母大教堂，拍攝殖民時期留下的優雅建築。\r\n🍜 12:00｜午餐探索\r\n品嚐越南南部風味，選擇傳統米粉湯或法式越南融合料理。\r\n🌉 14:00｜漫遊都市景點\r\n駛過獨立宮，感受西貢的政治與文化變遷，並遊覽湄公河沿岸風光。\r\n🎭 16:30｜體驗當地生活\r\n走進咖啡館，感受西貢的悠閒氛圍，品味傳統越式滴漏咖啡。\r\n🕒 18:00｜返回市中心，行程結束\r\n結束一場深入西貢歷史與文化的旅程。', 2600, 36, 1, '2025-06-21 18:26:00', '2025-08-23 18:26:00', 477, '2025-06-18 18:26:00', NULL, '2025-06-16 18:26:00', '2025-06-17 18:26:00', 1),
(102, '西貢摩托之夜｜踏板車夜騎＋城市燈火巡遊體驗', 3, 2, 3, 10, '西貢摩托之夜，踏板車夜騎，感受城市燈火，探索夜晚獨有的浪漫與活力氛圍。', '🌆 19:00｜集合與夜騎出發\r\n騎乘摩托車，探索夜幕降臨的西貢街頭，感受都市夜生活。\r\n🏮 19:30｜夜市美食饗宴\r\n停留當地夜市，品嚐美食，如炭烤海鮮、越南串燒與水果冰。\r\n🏙️ 21:00｜燈火夜景巡禮\r\n駛過市區主要道路，欣賞燈光閃爍的都市輪廓，拍攝夜間美景。\r\n🎵 22:00｜夜間娛樂選擇\r\n可選擇夜間咖啡館放鬆，或參加現場音樂活動，感受西貢獨特夜間魅力。\r\n🕐 23:30｜行程結束\r\n返回住宿，結束這場充滿活力的西貢摩托之夜。', 2500, 50, 1, '2025-06-15 18:26:00', '2025-09-18 18:26:00', 699, '2025-06-14 18:26:00', NULL, '2025-06-10 18:26:00', '2025-06-11 18:26:00', 1),
(103, '胡志明市雙層觀光巴士｜西貢隨上隨下自由行路線', 3, 3, 3, 10, '胡志明市雙層觀光巴士，隨上隨下自由行，輕鬆遊覽西貢各大地標，感受都市風情。', '🚌 08:00｜登上雙層巴士，開始旅程\r\n搭乘開放式巴士，輕鬆遊覽西貢各大地標，提供隨上隨下自由選擇。\r\n🏛️ 09:00｜第一站：西貢聖母大教堂與中央郵局\r\n欣賞法式建築，探索歷史與文化故事。\r\n🍲 11:30｜市場美食探索\r\n停靠本地市場，可選擇下車品嚐美食或逛街採購伴手禮。\r\n🏞️ 14:00｜湄公河景觀區\r\n漫遊河岸，拍攝風景與船舶航行畫面，體驗水上文化氛圍。\r\n🕒 17:00｜返回市中心，結束行程\r\n乘車回到主要交通站點，享受輕鬆便捷的城市旅遊方式。', 1600, 27, 1, '2025-06-15 18:26:00', '2025-09-15 18:26:00', 324, '2025-06-15 18:26:00', NULL, '2025-06-11 18:26:00', '2025-06-12 18:26:00', 1);

-- --------------------------------------------------------

--
-- 資料表結構 `trip_images`
--

CREATE TABLE `trip_images` (
  `id` int(11) NOT NULL,
  `trip_id` int(11) NOT NULL,
  `file_name` varchar(200) NOT NULL,
  `sort_order` int(11) DEFAULT 1
) ENGINE=InnoDB DEFAULT CHARSET=utf8mb4 COLLATE=utf8mb4_general_ci;

--
-- 傾印資料表的資料 `trip_images`
--

INSERT INTO `trip_images` (`id`, `trip_id`, `file_name`, `sort_order`) VALUES
(1, 1, 'trip_001_068d5515.jpg', 1),
(2, 1, 'trip_001_6c599d5a.jpg', 2),
(3, 1, 'trip_001_92dd5569.jpg', 3),
(4, 1, 'trip_001_97d97cec.jpg', 4),
(5, 1, 'trip_001_a8b63c91.jpg', 5),
(6, 1, 'trip_001_e889f7ed.jpg', 6),
(7, 2, 'trip_002_6e84b5f8.jpg', 1),
(8, 2, 'trip_002_7cfffeeb.jpg', 2),
(9, 2, 'trip_002_8e976738.jpg', 3),
(10, 3, 'trip_003_2afa5b8a.jpg', 1),
(11, 3, 'trip_003_2caaccab.jpg', 2),
(12, 3, 'trip_003_5402a3b3.jpg', 3),
(13, 3, 'trip_003_5c0ab362.jpg', 4),
(14, 3, 'trip_003_64b6efc3.jpg', 5),
(15, 3, 'trip_003_8564842f.jpg', 6),
(16, 3, 'trip_003_89f742bf.jpg', 7),
(17, 3, 'trip_003_8abecfb6.jpg', 8),
(18, 3, 'trip_003_b0047cb1.jpg', 9),
(19, 3, 'trip_003_d1bb6153.jpg', 10),
(20, 4, 'trip_004_519b7db0.png', 1),
(21, 4, 'trip_004_9bce2b93.jpg', 2),
(22, 4, 'trip_004_a4700520.png', 3),
(23, 4, 'trip_004_aa37850c.jpg', 4),
(24, 4, 'trip_004_afd966e1.png', 5),
(25, 4, 'trip_004_b219d4b4.png', 6),
(26, 4, 'trip_004_cc81d754.jpg', 7),
(27, 5, 'trip_005_743ce1e8.jpg', 1),
(28, 5, 'trip_005_b92422cd.jpg', 2),
(29, 5, 'trip_005_e4246c7e.jpg', 3),
(30, 5, 'trip_005_f88d26a5.jpg', 4),
(31, 6, 'trip_006_163a5065.jpg', 1),
(32, 6, 'trip_006_1a8d2cf0.jpg', 2),
(33, 6, 'trip_006_3dab22fb.jpg', 3),
(34, 6, 'trip_006_50a5de43.jpg', 4),
(35, 6, 'trip_006_59d43768.jpg', 5),
(36, 6, 'trip_006_72abeb02.jpg', 6),
(37, 6, 'trip_006_b1b6c45b.jpg', 7),
(38, 6, 'trip_006_bccc4c12.jpg', 8),
(39, 6, 'trip_006_d2188e11.jpg', 9),
(40, 6, 'trip_006_e5aa9608.jpg', 10),
(41, 7, 'trip_007_06fa62be.jpg', 1),
(42, 7, 'trip_007_12820af4.png', 2),
(43, 7, 'trip_007_37a1f66c.jpg', 3),
(44, 7, 'trip_007_a837cd44.jpg', 4),
(45, 7, 'trip_007_ca3f8a7e.jpg', 5),
(46, 7, 'trip_007_dcb73ac5.jpg', 6),
(47, 7, 'trip_007_e30bda21.jpg', 7),
(48, 8, 'trip_008_1f54ad94.png', 1),
(49, 8, 'trip_008_70d9ceac.png', 2),
(50, 8, 'trip_008_75661716.png', 3),
(51, 8, 'trip_008_89290c9c.jpg', 4),
(52, 8, 'trip_008_b5a8724c.jpg', 5),
(53, 9, 'trip_009_2fddd6e8.png', 1),
(54, 9, 'trip_009_4d2ef277.jpg', 2),
(55, 9, 'trip_009_e0d3840e.jpg', 3),
(56, 9, 'trip_009_f7df056a.jpg', 4),
(57, 10, 'trip_010_2afe07c9.jpg', 1),
(58, 10, 'trip_010_476410ca.jpg', 2),
(59, 10, 'trip_010_56ad57bf.jpg', 3),
(60, 10, 'trip_010_79798a07.jpg', 4),
(61, 10, 'trip_010_962935bc.png', 5),
(62, 11, 'trip_011_16428094.jpg', 1),
(63, 11, 'trip_011_1da46127.jpg', 2),
(64, 11, 'trip_011_2f304c56.jpg', 3),
(65, 11, 'trip_011_4d6043e1.jpg', 4),
(66, 11, 'trip_011_bc8da865.jpg', 5),
(67, 12, 'trip_012_2f8e306c.jpg', 1),
(68, 12, 'trip_012_3dcd5007.jpg', 2),
(69, 12, 'trip_012_45fc3422.jpg', 3),
(70, 12, 'trip_012_4c5685dd.jpg', 4),
(71, 12, 'trip_012_7314a524.jpg', 5),
(72, 12, 'trip_012_7963da91.jpg', 6),
(73, 12, 'trip_012_8305dcf6.jpg', 7),
(74, 12, 'trip_012_b2af3ae5.jpg', 8),
(75, 12, 'trip_012_de81040d.jpg', 9),
(76, 13, 'trip_013_08ad80f2.png', 1),
(77, 13, 'trip_013_2b006faa.jpg', 2),
(78, 13, 'trip_013_2eee703d.jpg', 3),
(79, 13, 'trip_013_340d70c2.jpg', 4),
(80, 13, 'trip_013_4877e3e7.jpg', 5),
(81, 13, 'trip_013_60ca0ee0.jpg', 6),
(82, 13, 'trip_013_e5ede100.jpg', 7),
(83, 13, 'trip_013_ea86e0d6.jpg', 8),
(84, 13, 'trip_013_f9ed0d24.png', 9),
(85, 14, 'trip_014_3c551046.jpg', 1),
(86, 14, 'trip_014_400655b5.jpg', 2),
(87, 14, 'trip_014_b07b1ff7.png', 3),
(88, 14, 'trip_014_f8682f3c.jpg', 4),
(89, 15, 'trip_015_4a5b552b.jpg', 1),
(90, 15, 'trip_015_85f8ebae.jpg', 2),
(91, 15, 'trip_015_8ef2ada7.jpg', 3),
(92, 15, 'trip_015_ad6b17db.jpg', 4),
(93, 15, 'trip_015_bd4c98b9.jpg', 5),
(94, 16, 'trip_016_e4c4b502.jpg', 1),
(95, 17, 'trip_017_0ac12518.jpg', 1),
(96, 17, 'trip_017_3be38112.jpg', 2),
(97, 17, 'trip_017_83a5d243.jpg', 3),
(98, 17, 'trip_017_b49275f8.jpg', 4),
(99, 17, 'trip_017_cd91217d.jpg', 5),
(100, 17, 'trip_017_e3ca0400.jpg', 6),
(101, 18, 'trip_018_2f938c10.jpg', 1),
(102, 18, 'trip_018_636b6777.jpg', 2),
(103, 18, 'trip_018_7d0a8d7a.jpg', 3),
(104, 18, 'trip_018_893556f7.jpg', 4),
(105, 19, 'trip_019_308d4677.jpg', 1),
(106, 19, 'trip_019_af6ef8bb.jpg', 2),
(107, 19, 'trip_019_bbe6928e.jpg', 3),
(108, 19, 'trip_019_c4cf6c4f.jpg', 4),
(109, 19, 'trip_019_ee405ee7.jpg', 5),
(110, 20, 'trip_020_0304d71b.jpg', 1),
(111, 20, 'trip_020_03742524.jpg', 2),
(112, 20, 'trip_020_04f71691.jpg', 3),
(113, 20, 'trip_020_4dfbe6f6.jpg', 4),
(114, 20, 'trip_020_746b41e7.png', 5),
(115, 20, 'trip_020_77260de3.jpg', 6),
(116, 20, 'trip_020_b5268be5.png', 7),
(117, 20, 'trip_020_d8789525.png', 8),
(118, 20, 'trip_020_e4b54b70.jpg', 9),
(119, 20, 'trip_020_f258a84a.jpg', 10),
(120, 21, 'trip_021_39007be4.jpg', 1),
(121, 21, 'trip_021_456d1e62.jpg', 2),
(122, 21, 'trip_021_94127402.jpg', 3),
(123, 21, 'trip_021_b7be6498.jpg', 4),
(124, 21, 'trip_021_c02acdf1.jpg', 5),
(125, 22, 'trip_022_0fa56b5e.jpg', 1),
(126, 22, 'trip_022_4d9e88e6.jpg', 2),
(127, 22, 'trip_022_7d4efae8.png', 3),
(128, 22, 'trip_022_d985cf9f.jpg', 4),
(129, 22, 'trip_022_f0ae8d7c.jpg', 5),
(130, 22, 'trip_022_f7fb58df.jpg', 6),
(131, 23, 'trip_023_0ca47861.jpg', 1),
(132, 23, 'trip_023_235edd2d.jpg', 2),
(133, 23, 'trip_023_3cdf1e32.jpg', 3),
(134, 23, 'trip_023_71a6fb60.jpg', 4),
(135, 23, 'trip_023_bdabdf3a.jpg', 5),
(136, 23, 'trip_023_d2b72ac5.jpg', 6),
(137, 24, 'trip_025_02c61026.jpg', 1),
(138, 24, 'trip_025_06aa39b5.jpg', 2),
(139, 24, 'trip_025_105254e2.jpg', 3),
(140, 24, 'trip_025_3a3fc1f1.jpg', 4),
(141, 24, 'trip_025_70e56797.jpg', 5),
(142, 24, 'trip_025_a98bd4f2.jpg', 6),
(143, 25, 'trip_026_337a69b5.jpg', 1),
(144, 25, 'trip_026_683b98b8.jpg', 2),
(145, 25, 'trip_026_937b9cc6.jpg', 3),
(146, 25, 'trip_026_945e9c3f.jpg', 4),
(147, 25, 'trip_026_9c7c7e9e.jpg', 5),
(148, 25, 'trip_026_a4464c8d.jpg', 6),
(149, 25, 'trip_026_a47d5d10.jpg', 7),
(150, 25, 'trip_026_c514d960.jpg', 8),
(151, 25, 'trip_026_fee60831.jpg', 9),
(152, 26, 'trip_027_012b13ae.jpg', 1),
(153, 26, 'trip_027_172b81d4.jpg', 2),
(154, 26, 'trip_027_4c3fbf2a.jpg', 3),
(155, 26, 'trip_027_655c44a4.jpg', 4),
(156, 26, 'trip_027_9bf93e37.jpg', 5),
(157, 26, 'trip_027_9c7969d7.jpg', 6),
(158, 26, 'trip_027_c38df948.jpg', 7),
(159, 26, 'trip_027_f99eb5b9.jpg', 8),
(160, 27, 'trip_029_28c948fb.jpg', 1),
(161, 27, 'trip_029_2c59f524.jpg', 2),
(162, 27, 'trip_029_35e64441.jpg', 3),
(163, 27, 'trip_029_39f92e7f.jpg', 4),
(164, 27, 'trip_029_5005d05c.jpg', 5),
(165, 27, 'trip_029_67d902f7.jpg', 6),
(166, 27, 'trip_029_6f8ca7c4.jpg', 7),
(167, 27, 'trip_029_87291dd5.jpg', 8),
(168, 27, 'trip_029_cc484dcb.jpg', 9),
(169, 27, 'trip_029_d692f53f.jpg', 10),
(170, 28, 'trip_030_045cf32f.jpg', 1),
(171, 28, 'trip_030_73a6c01f.jpg', 2),
(172, 29, 'trip_031_18341eed.jpg', 1),
(173, 29, 'trip_031_252ca9e8.jpg', 2),
(174, 29, 'trip_031_33ea8a92.jpg', 3),
(175, 29, 'trip_031_3605fd25.jpg', 4),
(176, 29, 'trip_031_3d30dd2f.jpg', 5),
(177, 29, 'trip_031_450afff3.jpg', 6),
(178, 29, 'trip_031_48371e8c.jpg', 7),
(179, 29, 'trip_031_c63acfc8.jpg', 8),
(180, 29, 'trip_031_cb18b7d4.jpg', 9),
(181, 29, 'trip_031_e8610f3a.jpg', 10),
(182, 30, 'trip_032_10952a71.jpg', 1),
(183, 30, 'trip_032_1b662a7c.png', 2),
(184, 30, 'trip_032_39bfb841.jpg', 3),
(185, 30, 'trip_032_58dcf0b7.jpg', 4),
(186, 30, 'trip_032_5d917761.png', 5),
(187, 30, 'trip_032_736855f6.jpg', 6),
(188, 30, 'trip_032_7b4642c7.jpg', 7),
(189, 30, 'trip_032_805e3201.jpg', 8),
(190, 30, 'trip_032_9b0cc357.jpg', 9),
(191, 30, 'trip_032_c038ae0d.jpg', 10),
(192, 30, 'trip_032_d8224a1b.png', 11),
(193, 30, 'trip_032_da9f998b.jpg', 12),
(194, 30, 'trip_032_fd479f5f.jpg', 13),
(195, 31, 'trip_033_092eb3c8.jpg', 1),
(196, 31, 'trip_033_15753b86.jpg', 2),
(197, 31, 'trip_033_224a54ef.jpg', 3),
(198, 31, 'trip_033_552f2e02.jpg', 4),
(199, 31, 'trip_033_6609bcf6.jpg', 5),
(200, 31, 'trip_033_9fe4ca9c.jpg', 6),
(201, 31, 'trip_033_ad9a24d2.jpg', 7),
(202, 31, 'trip_033_bdf24016.jpg', 8),
(203, 31, 'trip_033_ecf46067.jpg', 9),
(204, 32, 'trip_034_1018ebc8.jpg', 1),
(205, 32, 'trip_034_228221e2.jpg', 2),
(206, 32, 'trip_034_234f62a4.jpg', 3),
(207, 32, 'trip_034_24fad3fa.jpg', 4),
(208, 32, 'trip_034_c03f9363.jpg', 5),
(209, 32, 'trip_034_d6683fea.jpg', 6),
(210, 32, 'trip_034_fd0bb00c.jpg', 7),
(211, 33, 'trip_035_0ae86468.png', 1),
(212, 33, 'trip_035_0ffc0c8e.png', 2),
(213, 33, 'trip_035_191febfd.png', 3),
(214, 33, 'trip_035_30417d85.png', 4),
(215, 33, 'trip_035_787f7e94.png', 5),
(216, 33, 'trip_035_826ee5b7.jpg', 6),
(217, 33, 'trip_035_a5a520ff.jpg', 7),
(218, 34, 'trip_036_3d20a3f3.jpg', 1),
(219, 34, 'trip_036_5da0cd5e.jpg', 2),
(220, 34, 'trip_036_5dd213e9.jpg', 3),
(221, 34, 'trip_036_6063a37e.jpg', 4),
(222, 34, 'trip_036_d0420f27.jpg', 5),
(223, 34, 'trip_036_d4912c09.jpg', 6),
(224, 35, 'trip_037_018784f3.jpg', 1),
(225, 35, 'trip_037_1a6ba172.jpg', 2),
(226, 35, 'trip_037_7a756669.jpg', 3),
(227, 35, 'trip_037_89c5e7e8.jpg', 4),
(228, 35, 'trip_037_93db2e30.jpg', 5),
(229, 35, 'trip_037_a4eae8a0.jpg', 6),
(230, 35, 'trip_037_a9bfb2f7.jpg', 7),
(231, 35, 'trip_037_c570da25.jpg', 8),
(232, 35, 'trip_037_ca2975f9.jpg', 9),
(233, 35, 'trip_037_ddf95dc3.jpg', 10),
(234, 36, 'trip_038_35d9e742.jpg', 1),
(235, 36, 'trip_038_4536a650.jpg', 2),
(236, 36, 'trip_038_8ef5ac4d.jpg', 3),
(237, 37, 'trip_039_0706055e.jpg', 1),
(238, 37, 'trip_039_0fb263c0.jpg', 2),
(239, 37, 'trip_039_449ec420.jpg', 3),
(240, 37, 'trip_039_69a2fe17.jpg', 4),
(241, 37, 'trip_039_ab8641e5.jpg', 5),
(242, 37, 'trip_039_dba65fc0.jpg', 6),
(243, 38, 'trip_040_51dee6e3.jpg', 1),
(244, 38, 'trip_040_6838634f.jpg', 2),
(245, 38, 'trip_040_8753dadf.jpg', 3),
(246, 38, 'trip_040_942b3b2f.jpg', 4),
(247, 38, 'trip_040_a15e450a.jpg', 5),
(248, 39, 'trip_041_0d1f8fb2.jpg', 1),
(249, 39, 'trip_041_583b6c63.jpg', 2),
(250, 39, 'trip_041_5ca6b18e.jpg', 3),
(251, 39, 'trip_041_85072387.jpg', 4),
(252, 39, 'trip_041_8a7993d6.jpg', 5),
(253, 39, 'trip_041_ba2d6cfe.jpg', 6),
(254, 39, 'trip_041_c05e7636.jpg', 7),
(255, 39, 'trip_041_fbc34a75.jpg', 8),
(256, 40, 'trip_042_2076b0ba.png', 1),
(257, 40, 'trip_042_301f19fb.png', 2),
(258, 40, 'trip_042_3af6a43c.png', 3),
(259, 40, 'trip_042_3e6b8cce.png', 4),
(260, 40, 'trip_042_4f39d5a1.png', 5),
(261, 40, 'trip_042_5cb1572e.jpg', 6),
(262, 40, 'trip_042_74f1c1fe.png', 7),
(263, 40, 'trip_042_cab7c15f.png', 8),
(264, 41, 'trip_043_12e77acb.jpg', 1),
(265, 41, 'trip_043_33451dc9.jpg', 2),
(266, 41, 'trip_043_39923ef5.jpg', 3),
(267, 41, 'trip_043_46a1e6db.jpg', 4),
(268, 41, 'trip_043_531f06b1.jpg', 5),
(269, 41, 'trip_043_8659f281.jpg', 6),
(270, 42, 'trip_044_004705dd.png', 1),
(271, 42, 'trip_044_0225b6b2.png', 2),
(272, 42, 'trip_044_43c943e0.jpg', 3),
(273, 42, 'trip_044_f3d54237.png', 4),
(274, 43, 'trip_045_6c30c1cf.jpg', 1),
(275, 43, 'trip_045_6fe11d96.jpg', 2),
(276, 43, 'trip_045_71f9be34.jpg', 3),
(277, 43, 'trip_045_72fe8e93.jpg', 4),
(278, 43, 'trip_045_8bf999c1.jpg', 5),
(279, 43, 'trip_045_962772a6.jpg', 6),
(280, 43, 'trip_045_98d4ade9.jpg', 7),
(281, 43, 'trip_045_c0a700d8.jpg', 8),
(282, 43, 'trip_045_da34bc70.jpg', 9),
(283, 43, 'trip_045_f695a672.jpg', 10),
(284, 44, 'trip_046_7937c94d.jpg', 1),
(285, 44, 'trip_046_9d7c8a6d.jpg', 2),
(286, 44, 'trip_046_a5f87883.jpg', 3),
(287, 44, 'trip_046_ace25820.png', 4),
(288, 44, 'trip_046_b41dd544.png', 5),
(289, 44, 'trip_046_d582e81f.png', 6),
(290, 44, 'trip_046_dccf60aa.jpg', 7),
(291, 45, 'trip_047_09b87c5a.jpg', 1),
(292, 45, 'trip_047_50b4a1ad.jpg', 2),
(293, 45, 'trip_047_5c5343e7.jpg', 3),
(294, 45, 'trip_047_68ba79d7.jpg', 4),
(295, 45, 'trip_047_7c6294b1.jpg', 5),
(296, 45, 'trip_047_892eecb9.jpg', 6),
(297, 45, 'trip_047_9494c658.jpg', 7),
(298, 45, 'trip_047_da8266f0.jpg', 8),
(299, 45, 'trip_047_f9c52d3b.jpg', 9),
(300, 46, 'trip_048_1a7341fd.png', 1),
(301, 46, 'trip_048_3da96f80.png', 2),
(302, 46, 'trip_048_4ae9a2e0.png', 3),
(303, 46, 'trip_048_7e003718.png', 4),
(304, 46, 'trip_048_90dcfef7.png', 5),
(305, 46, 'trip_048_ce83c00f.png', 6),
(306, 46, 'trip_048_dc7c4ae1.png', 7),
(307, 46, 'trip_048_ea2d3861.png', 8),
(308, 46, 'trip_048_ece3996b.png', 9),
(309, 47, 'trip_050_1814dd5c.jpg', 1),
(310, 47, 'trip_050_3e2411ce.jpg', 2),
(311, 47, 'trip_050_6b68af72.jpg', 3),
(312, 47, 'trip_050_71b8b979.jpg', 4),
(313, 47, 'trip_050_779545b7.jpg', 5),
(314, 47, 'trip_050_ccef7125.jpg', 6),
(315, 47, 'trip_050_cea50a62.jpg', 7),
(316, 47, 'trip_050_f75776e0.jpg', 8),
(317, 48, 'trip_051_5098def7.jpg', 1),
(318, 48, 'trip_051_816a3e6c.jpg', 2),
(319, 48, 'trip_051_918fc75c.jpg', 3),
(320, 48, 'trip_051_95bcf783.jpg', 4),
(321, 48, 'trip_051_aa2146c0.jpg', 5),
(322, 48, 'trip_051_bf480b2c.jpg', 6),
(323, 49, 'trip_052_2117da05.png', 1),
(324, 49, 'trip_052_3c139115.png', 2),
(325, 49, 'trip_052_bbb6ffdf.png', 3),
(326, 49, 'trip_052_da2cd805.png', 4),
(327, 49, 'trip_052_e0c9e194.png', 5),
(328, 49, 'trip_052_e8c1a253.png', 6),
(329, 50, 'trip_053_08d7bfa9.jpg', 1),
(330, 50, 'trip_053_0eca0953.jpg', 2),
(331, 50, 'trip_053_1f6f5aec.jpg', 3),
(332, 50, 'trip_053_41160085.jpg', 4),
(333, 50, 'trip_053_5a92f5b5.jpg', 5),
(334, 50, 'trip_053_75a952e8.png', 6),
(335, 50, 'trip_053_7b690499.jpg', 7),
(336, 50, 'trip_053_8e603cd3.jpg', 8),
(337, 50, 'trip_053_975f960e.jpg', 9),
(338, 50, 'trip_053_af212e7f.jpg', 10),
(339, 51, 'trip_054_17821f1b.jpg', 1),
(340, 51, 'trip_054_22bc7851.jpg', 2),
(341, 51, 'trip_054_3b7b7e16.jpg', 3),
(342, 51, 'trip_054_454a9459.jpg', 4),
(343, 51, 'trip_054_998e16ca.jpg', 5),
(344, 52, 'trip_055_02b7ffd3.jpg', 1),
(345, 52, 'trip_055_1390b73e.jpg', 2),
(346, 52, 'trip_055_23941433.jpg', 3),
(347, 52, 'trip_055_49df7cff.jpg', 4),
(348, 52, 'trip_055_80404482.jpg', 5),
(349, 52, 'trip_055_8cc90f22.jpg', 6),
(350, 52, 'trip_055_9c582cbd.jpg', 7),
(351, 52, 'trip_055_a04562d0.jpg', 8),
(352, 52, 'trip_055_e93160bf.jpg', 9),
(353, 52, 'trip_055_ecb86041.jpg', 10),
(354, 53, 'trip_056_4734f7ec.jpg', 1),
(355, 53, 'trip_056_485ce034.jpg', 2),
(356, 53, 'trip_056_4c18d236.jpg', 3),
(357, 53, 'trip_056_7a1ec535.jpg', 4),
(358, 53, 'trip_056_9d7cd2fa.jpg', 5),
(359, 53, 'trip_056_b86accf3.png', 6),
(360, 53, 'trip_056_cbcce89c.jpg', 7),
(361, 53, 'trip_056_dfdcbe79.jpg', 8),
(362, 53, 'trip_056_fd366b33.jpg', 9),
(363, 54, 'trip_057_1e39f331.jpg', 1),
(364, 54, 'trip_057_33bfa852.jpg', 2),
(365, 54, 'trip_057_3d064d5c.jpg', 3),
(366, 54, 'trip_057_46a28965.jpg', 4),
(367, 54, 'trip_057_c5b1373d.jpg', 5),
(368, 54, 'trip_057_d325cb5e.jpg', 6),
(369, 55, 'trip_058_a91e185d.jpg', 1),
(370, 55, 'trip_058_ae3e8e24.jpg', 2),
(371, 55, 'trip_058_e2a75888.jpg', 3),
(372, 55, 'trip_058_e3c2005d.jpg', 4),
(373, 55, 'trip_058_f26ce55f.jpg', 5),
(374, 56, 'trip_059_2422e5c2.jpg', 1),
(375, 56, 'trip_059_8a193e20.jpg', 2),
(376, 56, 'trip_059_c7c5533b.jpg', 3),
(377, 56, 'trip_059_d4c25d59.jpg', 4),
(378, 57, 'trip_060_075e3cba.jpg', 1),
(379, 57, 'trip_060_1f0d5c93.jpg', 2),
(380, 57, 'trip_060_451efa01.jpg', 3),
(381, 57, 'trip_060_67df0343.jpg', 4),
(382, 57, 'trip_060_9bd90e8b.jpg', 5),
(383, 57, 'trip_060_ad5d9a58.jpg', 6),
(384, 58, 'trip_061_1c149d09.jpg', 1),
(385, 58, 'trip_061_33f4cfae.jpg', 2),
(386, 58, 'trip_061_7a2aaca6.jpg', 3),
(387, 59, 'trip_062_1bb76b4e.jpg', 1),
(388, 59, 'trip_062_46f44dcd.jpg', 2),
(389, 59, 'trip_062_610adbc9.jpg', 3),
(390, 59, 'trip_062_67672512.jpg', 4),
(391, 59, 'trip_062_808d1595.jpg', 5),
(392, 59, 'trip_062_d81b7933.jpg', 6),
(393, 60, 'trip_063_4d2074a3.jpg', 1),
(394, 60, 'trip_063_53b5b2f2.png', 2),
(395, 60, 'trip_063_5f2786ff.jpg', 3),
(396, 60, 'trip_063_ade8a488.jpg', 4),
(397, 60, 'trip_063_d06dc3eb.jpg', 5),
(398, 60, 'trip_063_eee3dd37.jpg', 6),
(399, 60, 'trip_063_f6d392cd.jpg', 7),
(400, 61, 'trip_064_0c3781fe.jpg', 1),
(401, 61, 'trip_064_0f1198bb.png', 2),
(402, 61, 'trip_064_0ff6b39c.jpg', 3),
(403, 61, 'trip_064_126d8e5f.jpg', 4),
(404, 61, 'trip_064_341bf041.jpg', 5),
(405, 61, 'trip_064_3b9dd424.jpg', 6),
(406, 61, 'trip_064_3e61af1e.jpg', 7),
(407, 61, 'trip_064_413dce17.jpg', 8),
(408, 61, 'trip_064_5a968a34.jpg', 9),
(409, 61, 'trip_064_70756432.jpg', 10),
(410, 61, 'trip_064_723ba58f.jpg', 11),
(411, 61, 'trip_064_7c3d0a58.jpg', 12),
(412, 61, 'trip_064_a66cc86f.jpg', 13),
(413, 61, 'trip_064_b3b13cdf.jpg', 14),
(414, 61, 'trip_064_b3d16833.jpg', 15),
(415, 61, 'trip_064_cc6d13a6.jpg', 16),
(416, 61, 'trip_064_e173b09b.jpg', 17),
(417, 62, 'trip_065_284ea2e3.jpg', 1),
(418, 62, 'trip_065_6aff702e.jpg', 2),
(419, 62, 'trip_065_79d4d6c0.jpg', 3),
(420, 62, 'trip_065_9c477764.jpg', 4),
(421, 62, 'trip_065_a68639cd.png', 5),
(422, 62, 'trip_065_efb9801f.jpg', 6),
(423, 62, 'trip_065_f5bd021f.jpg', 7),
(424, 63, 'trip_066_11c783b7.jpg', 1),
(425, 63, 'trip_066_17699579.jpg', 2),
(426, 63, 'trip_066_2ade57c0.jpg', 3),
(427, 63, 'trip_066_7b0d8927.jpg', 4),
(428, 63, 'trip_066_83eebecb.jpg', 5),
(429, 63, 'trip_066_c310cbe8.jpg', 6),
(430, 63, 'trip_066_c8d0b156.jpg', 7),
(431, 64, 'trip_067_4a49bee9.jpg', 1),
(432, 64, 'trip_067_74a0a8df.png', 2),
(433, 64, 'trip_067_a0057ace.jpg', 3),
(434, 64, 'trip_067_b48d0d9c.jpg', 4),
(435, 64, 'trip_067_beb97289.jpg', 5),
(436, 64, 'trip_067_c1bcce94.jpg', 6),
(437, 64, 'trip_067_c7a4366c.jpg', 7),
(438, 64, 'trip_067_cafe4804.jpg', 8),
(439, 64, 'trip_067_cbc85636.jpg', 9),
(440, 64, 'trip_067_f57dbd60.jpg', 10),
(441, 65, 'trip_068_69aed4c2.jpg', 1),
(442, 65, 'trip_068_6eee5e5e.jpg', 2),
(443, 65, 'trip_068_71b35215.jpg', 3),
(444, 65, 'trip_068_71bcad3c.jpg', 4),
(445, 65, 'trip_068_9c682065.jpg', 5),
(446, 65, 'trip_068_9d27d14d.jpg', 6),
(447, 65, 'trip_068_b67f4552.jpg', 7),
(448, 65, 'trip_068_c3208135.jpg', 8),
(449, 66, 'trip_069_0647835d.jpg', 1),
(450, 66, 'trip_069_bf1c4e6c.jpg', 2),
(451, 66, 'trip_069_d51a274d.jpg', 3),
(452, 66, 'trip_069_d7ff542f.jpg', 4),
(453, 66, 'trip_069_dded3095.jpg', 5),
(454, 67, 'trip_070_00952008.jpg', 1),
(455, 67, 'trip_070_80c57bcb.jpg', 2),
(456, 67, 'trip_070_a55581a8.jpg', 3),
(457, 67, 'trip_070_b2620c67.jpg', 4),
(458, 67, 'trip_070_bc76810d.jpg', 5),
(459, 67, 'trip_070_eb8902b9.jpg', 6),
(460, 67, 'trip_070_ffa1f681.jpg', 7),
(461, 68, 'trip_071_09f8ceb1.jpg', 1),
(462, 68, 'trip_071_2318b2e7.jpg', 2),
(463, 68, 'trip_071_4be2cd17.jpg', 3),
(464, 68, 'trip_071_b074e96a.jpg', 4),
(465, 68, 'trip_071_b488a150.jpg', 5),
(466, 68, 'trip_071_bf85baa9.jpg', 6),
(467, 68, 'trip_071_cc39ccb9.jpg', 7),
(468, 68, 'trip_071_d5c76535.jpg', 8),
(469, 69, 'trip_072_0157a851.jpg', 1),
(470, 69, 'trip_072_48ef8daf.jpg', 2),
(471, 69, 'trip_072_540f440c.jpg', 3),
(472, 69, 'trip_072_a35e2175.jpg', 4),
(473, 69, 'trip_072_b3b5f2c9.jpg', 5),
(474, 69, 'trip_072_c29343a9.jpg', 6),
(475, 70, 'trip_073_2370d31a.jpg', 1),
(476, 70, 'trip_073_30bb82e2.jpg', 2),
(477, 70, 'trip_073_47109d30.jpg', 3),
(478, 70, 'trip_073_620a373a.jpg', 4),
(479, 70, 'trip_073_83f4b5b8.jpg', 5),
(480, 70, 'trip_073_88ccaa31.jpg', 6),
(481, 70, 'trip_073_aadb0e72.jpg', 7),
(482, 70, 'trip_073_bed43676.jpg', 8),
(483, 70, 'trip_073_c381a81e.jpg', 9),
(484, 71, 'trip_074_13883c2a.jpg', 1),
(485, 71, 'trip_074_1e6eb588.jpg', 2),
(486, 71, 'trip_074_2363c92b.jpg', 3),
(487, 71, 'trip_074_9b101951.jpg', 4),
(488, 71, 'trip_074_a43d316d.jpg', 5),
(489, 71, 'trip_074_c59a48d2.jpg', 6),
(490, 71, 'trip_074_dd8bfd68.jpg', 7),
(491, 71, 'trip_074_f09bd71c.jpg', 8),
(492, 71, 'trip_074_f5b1d0ed.jpg', 9),
(493, 72, 'trip_075_2b01293a.png', 1),
(494, 72, 'trip_075_36cc40fa.png', 2),
(495, 72, 'trip_075_3fa20e4a.jpg', 3),
(496, 72, 'trip_075_47790625.png', 4),
(497, 72, 'trip_075_63a984fd.png', 5),
(498, 72, 'trip_075_8aad41da.png', 6),
(499, 72, 'trip_075_a12e045a.png', 7),
(500, 72, 'trip_075_a4cc352a.jpg', 8),
(501, 72, 'trip_075_aaef814e.png', 9),
(502, 72, 'trip_075_ac6f2689.jpg', 10),
(503, 73, 'trip_076_0d558c83.png', 1),
(504, 73, 'trip_076_0ea4a71f.png', 2),
(505, 73, 'trip_076_3eaaa562.png', 3),
(506, 73, 'trip_076_52568d7b.png', 4),
(507, 73, 'trip_076_6758ca60.png', 5),
(508, 73, 'trip_076_749fff4c.png', 6),
(509, 73, 'trip_076_7a768b9d.png', 7),
(510, 73, 'trip_076_b4ac33e5.png', 8),
(511, 73, 'trip_076_d2872ec5.png', 9),
(512, 74, 'trip_077_069f2180.jpg', 1),
(513, 74, 'trip_077_1c20a81b.jpg', 2),
(514, 74, 'trip_077_37a0a94c.jpg', 3),
(515, 74, 'trip_077_3e67445c.jpg', 4),
(516, 74, 'trip_077_45c4e666.jpg', 5),
(517, 74, 'trip_077_5457366d.jpg', 6),
(518, 74, 'trip_077_67c545b4.jpg', 7),
(519, 74, 'trip_077_72a202b4.jpg', 8),
(520, 74, 'trip_077_a61cce83.jpg', 9),
(521, 74, 'trip_077_bda32f8b.jpg', 10),
(522, 74, 'trip_077_c2837628.jpg', 11),
(523, 74, 'trip_077_eb1db92e.jpg', 12),
(524, 74, 'trip_077_fd5fd15a.jpg', 13),
(525, 75, 'trip_079_2d608f8b.jpg', 1),
(526, 75, 'trip_079_63b85173.jpg', 2),
(527, 75, 'trip_079_8c037667.jpg', 3),
(528, 75, 'trip_079_b49e7886.png', 4),
(529, 75, 'trip_079_e7b6121a.jpg', 5),
(530, 75, 'trip_079_f2f75879.jpg', 6),
(531, 76, 'trip_080_35b0377b.jpg', 1),
(532, 76, 'trip_080_794feb90.jpg', 2),
(533, 76, 'trip_080_9f5570b2.jpg', 3),
(534, 76, 'trip_080_adb7ea47.jpg', 4),
(535, 76, 'trip_080_c1dad455.jpg', 5),
(536, 76, 'trip_080_f1db02d7.jpg', 6),
(537, 77, 'trip_081_22b36656.jpg', 1),
(538, 77, 'trip_081_27efb7fc.png', 2),
(539, 77, 'trip_081_5bf1f921.jpg', 3),
(540, 77, 'trip_081_8cf64478.png', 4),
(541, 77, 'trip_081_c63e6d93.jpg', 5),
(542, 77, 'trip_081_e52d6e14.jpg', 6),
(543, 77, 'trip_081_ec0e511d.jpg', 7),
(544, 77, 'trip_081_fc8c245d.jpg', 8),
(545, 78, 'trip_082_2e4babf6.png', 1),
(546, 78, 'trip_082_3d83ea4b.png', 2),
(547, 78, 'trip_082_5dd24e0a.jpg', 3),
(548, 78, 'trip_082_6ee5f76b.jpg', 4),
(549, 78, 'trip_082_73a5d41c.jpg', 5),
(550, 78, 'trip_082_a0f90352.jpg', 6),
(551, 78, 'trip_082_a33612d3.jpg', 7),
(552, 78, 'trip_082_d7fb8ba8.jpg', 8),
(553, 79, 'trip_083_147f0cbb.jpg', 1),
(554, 79, 'trip_083_1b400577.jpg', 2),
(555, 79, 'trip_083_56f52bd3.jpg', 3),
(556, 79, 'trip_083_74bc6176.jpg', 4),
(557, 79, 'trip_083_8a0f4d71.jpg', 5),
(558, 79, 'trip_083_91b3d7b6.png', 6),
(559, 79, 'trip_083_d156a404.jpg', 7),
(560, 79, 'trip_083_f4f3af1e.jpg', 8),
(561, 80, 'trip_084_36cba010.jpg', 1),
(562, 80, 'trip_084_3f5a666a.jpg', 2),
(563, 80, 'trip_084_459573b7.jpg', 3),
(564, 80, 'trip_084_46cbe5ef.jpg', 4),
(565, 80, 'trip_084_511b0103.jpg', 5),
(566, 80, 'trip_084_6bd842cd.jpg', 6),
(567, 80, 'trip_084_a4dd38b1.jpg', 7),
(568, 80, 'trip_084_afa88c8e.jpg', 8),
(569, 80, 'trip_084_de3e4124.jpg', 9),
(570, 80, 'trip_084_e55db767.jpg', 10),
(571, 81, 'trip_085_00dc9d63.jpg', 1),
(572, 81, 'trip_085_010724ce.jpg', 2),
(573, 81, 'trip_085_10a6e286.jpg', 3),
(574, 81, 'trip_085_c5474e5d.jpg', 4),
(575, 81, 'trip_085_d916b979.jpg', 5),
(576, 81, 'trip_085_f71d9aee.jpg', 6),
(577, 81, 'trip_085_fc63e653.jpg', 7),
(578, 82, 'trip_086_1be2b835.jpg', 1),
(579, 82, 'trip_086_1e5a5c5d.jpg', 2),
(580, 82, 'trip_086_23a2829b.jpg', 3),
(581, 82, 'trip_086_4be9bff2.jpg', 4),
(582, 82, 'trip_086_6dd8cfbc.jpg', 5),
(583, 82, 'trip_086_ad8be85e.jpg', 6),
(584, 82, 'trip_086_c2eb8382.jpg', 7),
(585, 82, 'trip_086_d49aee8e.jpg', 8),
(586, 83, 'trip_087_01b2c43c.jpg', 1),
(587, 83, 'trip_087_24b9281d.png', 2),
(588, 83, 'trip_087_3c98391f.png', 3),
(589, 83, 'trip_087_3cc7d9ca.jpg', 4),
(590, 83, 'trip_087_a9aca693.jpg', 5),
(591, 83, 'trip_087_bc4143c9.png', 6),
(592, 83, 'trip_087_cd4484ec.png', 7),
(593, 84, 'trip_088_13fe4ed3.jpg', 1),
(594, 84, 'trip_088_352e4052.jpg', 2),
(595, 84, 'trip_088_6ab26836.jpg', 3),
(596, 84, 'trip_088_6cd036af.jpg', 4),
(597, 84, 'trip_088_886c9251.jpg', 5),
(598, 84, 'trip_088_d3aeb620.png', 6),
(599, 84, 'trip_088_dd09e0cb.jpg', 7),
(600, 84, 'trip_088_e55fd245.jpg', 8),
(601, 85, 'trip_089_21d318f5.jpg', 1),
(602, 85, 'trip_089_29e0c92d.jpg', 2),
(603, 85, 'trip_089_2a23aa61.jpg', 3),
(604, 85, 'trip_089_a2dce4f7.jpg', 4),
(605, 85, 'trip_089_bb2d01c3.jpg', 5),
(606, 85, 'trip_089_c358afb8.jpg', 6),
(607, 85, 'trip_089_c9f375f7.jpg', 7),
(608, 86, 'trip_090_095b2567.jpg', 1),
(609, 86, 'trip_090_291e4004.jpg', 2),
(610, 86, 'trip_090_87477c5b.jpg', 3),
(611, 86, 'trip_090_b1ed7cef.jpg', 4),
(612, 86, 'trip_090_b7985f42.jpg', 5),
(613, 86, 'trip_090_ca9dc75f.jpg', 6),
(614, 86, 'trip_090_fb6e4838.jpg', 7),
(615, 87, 'trip_091_305a10dd.jpg', 1),
(616, 87, 'trip_091_564ec443.jpg', 2),
(617, 87, 'trip_091_a87714b1.jpg', 3),
(618, 87, 'trip_091_b1b9fb4d.jpg', 4),
(619, 87, 'trip_091_c6d63e5a.jpg', 5),
(620, 87, 'trip_091_d35bfb85.jpg', 6),
(621, 88, 'trip_092_05d69026.jpg', 1),
(622, 88, 'trip_092_100278da.jpg', 2),
(623, 88, 'trip_092_5074d5a8.jpg', 3),
(624, 88, 'trip_092_73a8a8e9.jpg', 4),
(625, 88, 'trip_092_99b7b6ec.jpg', 5),
(626, 88, 'trip_092_e6810c04.jpg', 6),
(627, 89, 'trip_093_17f050de.jpg', 1),
(628, 89, 'trip_093_73769040.jpg', 2),
(629, 89, 'trip_093_d0c6d04a.jpg', 3),
(630, 89, 'trip_093_d693aae5.jpg', 4),
(631, 89, 'trip_093_e3268de3.jpg', 5),
(632, 90, 'trip_094_29b14531.png', 1),
(633, 91, 'trip_095_2be35a4f.png', 1),
(634, 91, 'trip_095_2d66967d.jpg', 2),
(635, 91, 'trip_095_2fb20c7c.jpg', 3),
(636, 91, 'trip_095_319833cc.jpg', 4),
(637, 91, 'trip_095_4b813bbb.jpg', 5),
(638, 91, 'trip_095_768abdec.jpg', 6),
(639, 91, 'trip_095_7bf1c1d7.png', 7),
(640, 91, 'trip_095_84360e11.jpg', 8),
(641, 91, 'trip_095_a0abc7d1.png', 9),
(642, 91, 'trip_095_d1852db4.png', 10),
(643, 92, 'trip_096_3ed54aaa.jpg', 1),
(644, 92, 'trip_096_ca8b886d.jpg', 2),
(645, 92, 'trip_096_cec23b37.jpg', 3),
(646, 93, 'trip_097_1797cbb4.jpg', 1),
(647, 93, 'trip_097_22368692.jpg', 2),
(648, 93, 'trip_097_5b3552ae.jpg', 3),
(649, 93, 'trip_097_70ab3983.jpg', 4),
(650, 93, 'trip_097_8be5747d.png', 5),
(651, 93, 'trip_097_9b7fb56b.png', 6),
(652, 93, 'trip_097_af923863.jpg', 7),
(653, 93, 'trip_097_c03f30db.jpg', 8),
(654, 93, 'trip_097_f90c068b.jpg', 9),
(655, 94, 'trip_098_222d5c27.jpg', 1),
(656, 94, 'trip_098_29dabdae.jpg', 2),
(657, 94, 'trip_098_6f070725.jpg', 3),
(658, 94, 'trip_098_b0c5f2cf.jpg', 4),
(659, 94, 'trip_098_cee8b1c8.jpg', 5),
(660, 95, 'trip_099_108acccc.jpg', 1),
(661, 95, 'trip_099_7de41f2f.jpg', 2),
(662, 95, 'trip_099_9da429ac.jpg', 3),
(663, 95, 'trip_099_9e1a07c3.jpg', 4),
(664, 95, 'trip_099_ab4e5517.jpg', 5),
(665, 95, 'trip_099_b7097699.jpg', 6),
(666, 95, 'trip_099_be843199.jpg', 7),
(667, 95, 'trip_099_bfb72209.jpg', 8),
(668, 95, 'trip_099_c31414b9.jpg', 9),
(669, 95, 'trip_099_e3613feb.jpg', 10),
(670, 96, 'trip_100_17d1f01e.png', 1),
(671, 96, 'trip_100_61c5cba6.png', 2),
(672, 96, 'trip_100_9daeeef3.png', 3),
(673, 96, 'trip_100_cb681544.png', 4),
(674, 96, 'trip_100_db9ef1bf.png', 5),
(675, 96, 'trip_100_e7ba6101.png', 6),
(676, 96, 'trip_100_ee3e0f8a.png', 7),
(677, 97, 'trip_101_111ee636.jpg', 1),
(678, 97, 'trip_101_45ec79b5.jpg', 2),
(679, 97, 'trip_101_825a94bd.jpg', 3),
(680, 97, 'trip_101_97871e31.jpg', 4),
(681, 97, 'trip_101_e188d0fd.jpg', 5),
(682, 97, 'trip_101_f052f404.jpg', 6),
(683, 97, 'trip_101_feb2bcb3.jpg', 7),
(684, 98, 'trip_102_0a076076.jpg', 1),
(685, 98, 'trip_102_31308d30.jpg', 2),
(686, 98, 'trip_102_4705e5bb.jpg', 3),
(687, 98, 'trip_102_5076f262.jpg', 4),
(688, 98, 'trip_102_949e6f77.jpg', 5),
(689, 98, 'trip_102_bc2dfeea.jpg', 6),
(690, 98, 'trip_102_c99bbf94.jpg', 7),
(691, 98, 'trip_102_d505a947.jpg', 8),
(692, 99, 'trip_103_0bbdfec9.png', 1),
(693, 99, 'trip_103_34639dab.jpg', 2),
(694, 99, 'trip_103_9caf37a9.jpg', 3),
(695, 99, 'trip_103_a5af5afd.jpg', 4),
(696, 99, 'trip_103_ac0987ef.jpg', 5),
(697, 99, 'trip_103_bbccca10.jpg', 6),
(698, 99, 'trip_103_dd0ae7fb.jpg', 7),
(699, 99, 'trip_103_dfecd6ec.jpg', 8),
(700, 100, 'trip_104_76e3bf17.jpg', 1),
(701, 100, 'trip_104_8ac3c172.jpg', 2),
(702, 100, 'trip_104_b9f9542a.jpg', 3),
(703, 101, 'trip_105_1dc4a308.jpg', 1),
(704, 101, 'trip_105_6efbcc6b.jpg', 2),
(705, 101, 'trip_105_afd09bb7.jpg', 3),
(706, 101, 'trip_105_cfc2d0fd.jpg', 4),
(707, 101, 'trip_105_e0dde5cf.jpg', 5),
(708, 102, 'trip_106_6cbd7e08.png', 1),
(709, 102, 'trip_106_95c15b39.png', 2),
(710, 102, 'trip_106_b38e698c.png', 3),
(711, 102, 'trip_106_d250ed4c.png', 4),
(712, 102, 'trip_106_e4bba7dd.png', 5);

--
-- 已傾印資料表的索引
--

--
-- 資料表索引 `cities`
--
ALTER TABLE `cities`
  ADD PRIMARY KEY (`id`),
  ADD KEY `region_id` (`region_id`);

--
-- 資料表索引 `main_cate`
--
ALTER TABLE `main_cate`
  ADD PRIMARY KEY (`id`);

--
-- 資料表索引 `notices`
--
ALTER TABLE `notices`
  ADD PRIMARY KEY (`id`),
  ADD KEY `trip_id` (`trip_id`);

--
-- 資料表索引 `regions`
--
ALTER TABLE `regions`
  ADD PRIMARY KEY (`id`);

--
-- 資料表索引 `sub_cate`
--
ALTER TABLE `sub_cate`
  ADD PRIMARY KEY (`id`),
  ADD KEY `main_cate_id` (`main_cate_id`);

--
-- 資料表索引 `trips`
--
ALTER TABLE `trips`
  ADD PRIMARY KEY (`id`);

--
-- 資料表索引 `trip_images`
--
ALTER TABLE `trip_images`
  ADD PRIMARY KEY (`id`),
  ADD KEY `trip_id` (`trip_id`);

--
-- 在傾印的資料表使用自動遞增(AUTO_INCREMENT)
--

--
-- 使用資料表自動遞增(AUTO_INCREMENT) `cities`
--
ALTER TABLE `cities`
  MODIFY `id` int(11) NOT NULL AUTO_INCREMENT, AUTO_INCREMENT=15;

--
-- 使用資料表自動遞增(AUTO_INCREMENT) `main_cate`
--
ALTER TABLE `main_cate`
  MODIFY `id` int(11) NOT NULL AUTO_INCREMENT, AUTO_INCREMENT=6;

--
-- 使用資料表自動遞增(AUTO_INCREMENT) `notices`
--
ALTER TABLE `notices`
  MODIFY `id` int(11) NOT NULL AUTO_INCREMENT, AUTO_INCREMENT=382;

--
-- 使用資料表自動遞增(AUTO_INCREMENT) `regions`
--
ALTER TABLE `regions`
  MODIFY `id` int(11) NOT NULL AUTO_INCREMENT, AUTO_INCREMENT=5;

--
-- 使用資料表自動遞增(AUTO_INCREMENT) `sub_cate`
--
ALTER TABLE `sub_cate`
  MODIFY `id` int(11) NOT NULL AUTO_INCREMENT, AUTO_INCREMENT=26;

--
-- 使用資料表自動遞增(AUTO_INCREMENT) `trips`
--
ALTER TABLE `trips`
  MODIFY `id` int(11) NOT NULL AUTO_INCREMENT, AUTO_INCREMENT=104;

--
-- 使用資料表自動遞增(AUTO_INCREMENT) `trip_images`
--
ALTER TABLE `trip_images`
  MODIFY `id` int(11) NOT NULL AUTO_INCREMENT, AUTO_INCREMENT=713;

--
-- 已傾印資料表的限制式
--

--
-- 資料表的限制式 `cities`
--
ALTER TABLE `cities`
  ADD CONSTRAINT `cities_ibfk_1` FOREIGN KEY (`region_id`) REFERENCES `regions` (`id`) ON DELETE CASCADE;

--
-- 資料表的限制式 `notices`
--
ALTER TABLE `notices`
  ADD CONSTRAINT `notices_ibfk_1` FOREIGN KEY (`trip_id`) REFERENCES `trips` (`id`) ON DELETE CASCADE;

--
-- 資料表的限制式 `sub_cate`
--
ALTER TABLE `sub_cate`
  ADD CONSTRAINT `sub_cate_ibfk_1` FOREIGN KEY (`main_cate_id`) REFERENCES `main_cate` (`id`) ON DELETE CASCADE;

--
-- 資料表的限制式 `trip_images`
--
ALTER TABLE `trip_images`
  ADD CONSTRAINT `trip_images_ibfk_1` FOREIGN KEY (`trip_id`) REFERENCES `trips` (`id`) ON DELETE CASCADE;
COMMIT;

/*!40101 SET CHARACTER_SET_CLIENT=@OLD_CHARACTER_SET_CLIENT */;
/*!40101 SET CHARACTER_SET_RESULTS=@OLD_CHARACTER_SET_RESULTS */;
/*!40101 SET COLLATION_CONNECTION=@OLD_COLLATION_CONNECTION */;
